latitude,longitude,timestamp
50.9610,-19.8469,2025-11-21 20:27:44
45.4902,3.0347,2025-11-21 20:32:04
43.6161,7.4692,2025-11-21 20:33:03
41.4547,11.8087,2025-11-21 20:34:06
40.8126,12.9767,2025-11-21 20:34:23
-38.7963,-175.4492,2025-11-21 21:21:44
-6.1569,33.2243,2025-11-21 22:23:52
39.3606,-125.9941,2025-11-21 23:22:17
-51.5956,63.7956,2025-11-22 01:50:34
-24.1722,-23.2224,2025-11-22 03:08:41
16.8382,-78.0475,2025-11-22 04:27:52
8.5679,108.7212,2025-11-22 05:22:48
-49.3948,16.4029,2025-11-22 06:33:20
46.7920,-165.8350,2025-11-22 07:21:38
12.2657,64.2546,2025-11-22 08:29:50
-31.5367,-110.0758,2025-11-22 09:22:58
51.0903,126.4513,2025-11-22 10:23:39
-38.7434,-27.8404,2025-11-22 11:17:53
-50.9779,-87.8849,2025-11-22 12:43:11
51.5138,64.0259,2025-11-22 13:26:55
-45.2506,-87.8523,2025-11-22 14:20:35
5.3798,125.3166,2025-11-22 15:22:00
47.2786,-8.1549,2025-11-22 16:28:14
-51.5569,-173.8385,2025-11-22 17:19:20
-12.0532,90.6548,2025-11-22 18:33:34
6.8884,-104.9766,2025-11-22 19:18:21
-51.6065,143.5498,2025-11-22 20:25:55
40.7349,-4.6199,2025-11-22 21:20:52
2.6292,-155.2408,2025-11-22 22:22:45
-39.9279,49.0349,2025-11-22 23:22:28
13.6984,-46.0931,2025-11-23 02:09:33
-33.3287,-31.2399,2025-11-23 03:58:28
16.5819,120.7062,2025-11-23 04:39:00
-11.9607,-74.6704,2025-11-23 05:23:50
47.4614,-162.0511,2025-11-23 06:34:44
-44.9752,13.1430,2025-11-23 07:22:39
-13.1901,-120.9522,2025-11-23 08:30:03
32.6354,65.2745,2025-11-23 09:23:25
-50.8575,-57.3579,2025-11-23 10:23:59
36.7482,149.2299,2025-11-23 11:18:40
51.1275,84.7263,2025-11-23 12:42:55
-51.5089,-121.9923,2025-11-23 13:26:51
44.9590,86.9470,2025-11-23 14:20:43
-5.0203,-60.3652,2025-11-23 15:22:09
-47.4764,166.5717,2025-11-23 16:28:17
51.6115,3.4248,2025-11-23 17:19:52
9.4636,-97.2158,2025-11-23 18:32:43
-8.2782,70.1263,2025-11-23 19:18:43
51.3750,-36.3657,2025-11-23 20:26:54
-39.6702,171.2802,2025-11-23 21:21:18
-4.2077,19.9744,2025-11-23 22:23:11
39.8198,-137.0841,2025-11-23 23:22:26
-30.2745,113.0312,2025-11-24 02:03:45
32.4658,141.7772,2025-11-24 03:58:09
-19.5044,-62.8020,2025-11-24 04:39:54
20.6812,106.3800,2025-11-24 05:26:49
-41.7148,26.0126,2025-11-24 06:37:47
40.5687,-163.7014,2025-11-24 07:24:44
31.1273,69.3966,2025-11-24 08:36:21
-48.9451,-87.6828,2025-11-24 09:31:14
43.6918,142.9803,2025-11-24 10:29:04
-26.6592,-24.8399,2025-11-24 11:22:28
-31.5556,-53.6662,2025-11-24 12:53:34
39.6569,103.4259,2025-11-24 13:36:44
-15.3335,128.5553,2025-11-24 15:28:46
48.2201,-16.7770,2025-11-24 16:28:47
-49.0663,-159.2251,2025-11-24 17:23:49
-21.0835,86.0800,2025-11-24 18:36:32
7.0989,-116.6653,2025-11-24 19:18:20
-50.3555,146.8923,2025-11-24 20:28:25
32.5867,-4.7125,2025-11-24 21:24:06
6.3268,-164.4383,2025-11-24 22:23:52
-41.7750,40.4968,2025-11-24 23:23:12
45.1298,-96.4513,2025-11-25 01:57:18
49.5399,-176.4889,2025-11-25 03:20:06
-7.3252,91.3922,2025-11-25 04:30:58
-19.6074,-80.4346,2025-11-25 05:26:19
40.1462,-157.0805,2025-11-25 06:38:25
-40.6254,10.2808,2025-11-25 07:24:40
-27.4335,-120.4562,2025-11-25 08:34:51
45.8809,76.2405,2025-11-25 09:29:11
-41.4281,-38.3838,2025-11-25 10:30:05
26.0076,149.8934,2025-11-25 11:22:36
32.9734,118.7484,2025-11-25 12:52:56
-38.3962,-80.4702,2025-11-25 13:37:13
32.6583,95.5218,2025-11-25 14:25:57
13.5226,-58.7813,2025-11-25 15:28:09
-51.3772,-169.2136,2025-11-25 16:34:29
48.1682,18.4199,2025-11-25 17:24:26
25.0952,-96.2084,2025-11-25 18:37:55
-17.4355,65.3052,2025-11-25 19:21:38
50.0584,-37.2404,2025-11-25 20:28:39
-36.2446,164.6539,2025-11-25 21:22:36
-8.8760,11.5194,2025-11-25 22:24:34
40.8941,-147.0492,2025-11-25 23:22:45
-45.2906,77.2338,2025-11-26 01:57:08
-49.8438,-0.8487,2025-11-26 03:20:15
5.2280,-92.9919,2025-11-26 04:31:31
16.1282,90.7929,2025-11-26 05:25:05
-40.6681,16.0993,2025-11-26 06:38:05
42.1794,-178.5055,2025-11-26 07:23:50
25.3076,51.5306,2025-11-26 08:34:03
-45.1457,-111.5609,2025-11-26 09:28:38
44.2531,129.8962,2025-11-26 10:28:36
-27.2645,-37.2673,2025-11-26 11:22:05
-29.4108,-63.1033,2025-11-26 12:54:11
36.5245,96.3936,2025-11-26 13:37:52
-31.0564,-88.5243,2025-11-26 14:26:28
-5.5939,109.4627,2025-11-26 15:25:20
51.4910,-7.3330,2025-11-26 16:32:21
-49.7290,-174.1577,2025-11-26 17:23:04
-10.1564,65.5749,2025-11-26 18:32:39
10.6154,-125.9022,2025-11-26 19:19:18
-51.3820,125.7869,2025-11-26 20:26:36
38.3651,-24.3591,2025-11-26 21:21:36
8.1697,-174.9178,2025-11-26 22:24:17
-41.9962,29.1048,2025-11-26 23:23:06
48.8752,-120.0742,2025-11-27 01:54:43
42.6710,151.4096,2025-11-27 03:15:43
-7.7784,79.2501,2025-11-27 04:30:36
-20.1946,-91.7491,2025-11-27 05:26:18
38.1939,-165.7352,2025-11-27 06:39:02
-36.6109,4.7901,2025-11-27 07:26:09
-26.6533,-133.0487,2025-11-27 08:34:21
44.4003,60.7304,2025-11-27 09:28:09
-44.0362,-55.5140,2025-11-27 10:28:36
26.5983,137.5030,2025-11-27 11:22:10
32.3089,107.7351,2025-11-27 12:52:57
-41.5508,-97.6368,2025-11-27 13:35:36
33.9896,82.0718,2025-11-27 14:25:12
8.4733,-74.3680,2025-11-27 15:26:14
-51.0683,161.0761,2025-11-27 16:31:14
50.7743,-6.5703,2025-11-27 17:21:47
14.2613,-117.2326,2025-11-27 18:33:57
-11.8540,49.1384,2025-11-27 19:19:32
51.6032,-68.4780,2025-11-27 20:25:06
-37.8199,150.5671,2025-11-27 21:21:42
-5.2844,-2.8911,2025-11-27 22:23:08
41.6022,-157.5577,2025-11-27 23:22:50
-48.9141,53.8646,2025-11-28 01:54:33
-42.5405,-34.7435,2025-11-28 03:15:28
9.2482,-107.7142,2025-11-28 04:29:56
19.4412,81.6972,2025-11-28 05:25:58
-39.6265,6.0772,2025-11-28 06:38:18
39.4389,174.5867,2025-11-28 07:24:49
27.0494,41.4383,2025-11-28 08:34:23
-42.4333,-129.3752,2025-11-28 09:26:58
46.1859,113.2277,2025-11-28 10:27:16
-28.5794,-50.4095,2025-11-28 11:21:18
-36.0710,-82.9673,2025-11-28 12:51:20
44.5412,70.2195,2025-11-28 13:33:57
-34.9829,-105.1052,2025-11-28 14:24:40
-6.5271,98.3421,2025-11-28 15:25:21
51.1869,-23.5821,2025-11-28 16:31:18
-50.4967,169.5688,2025-11-28 17:21:57
-15.7221,58.0370,2025-11-28 18:34:12
13.1285,-135.7968,2025-11-28 19:19:50
-50.9908,118.4978,2025-11-28 20:27:04
39.5306,-38.0103,2025-11-28 21:20:47
3.5487,169.9670,2025-11-28 22:22:26
-41.4659,16.3120,2025-11-28 23:22:32
48.9922,-132.3514,2025-11-29 01:54:18
43.0907,140.4872,2025-11-29 03:15:35
-10.8421,65.2108,2025-11-29 04:29:14
-16.3925,-106.6683,2025-11-29 05:24:40
-43.5249,-18.9543,2025-11-29 07:22:43
-18.9979,-151.7535,2025-11-29 08:31:20
37.6352,36.5101,2025-11-29 09:24:42
-49.8605,-86.2957,2025-11-29 10:24:25
33.8573,117.6729,2025-11-29 11:19:07
42.9879,79.5646,2025-11-29 12:48:06
-49.3877,-131.1538,2025-11-29 13:30:38
41.6618,58.5773,2025-11-29 14:21:37
0.2818,-92.0115,2025-11-29 15:23:09
-49.7017,140.0798,2025-11-29 16:29:15
51.1274,-21.5180,2025-11-29 17:20:53
13.6729,-129.4609,2025-11-29 18:33:22
-11.5276,37.1187,2025-11-29 19:19:03
51.2242,-69.7979,2025-11-29 20:26:28
-37.4655,139.3233,2025-11-29 21:21:28
-6.3150,-13.9215,2025-11-29 22:23:06
42.2545,-168.0765,2025-11-29 23:22:45
-15.4852,91.1801,2025-11-30 02:08:09
35.9039,110.7726,2025-11-30 03:58:41
-22.0125,-96.0345,2025-11-30 04:39:57
17.1527,68.0462,2025-11-30 05:24:46
-42.7644,-11.4387,2025-11-30 06:36:27
44.5190,152.9239,2025-11-30 07:22:01
14.5915,18.8036,2025-11-30 08:29:41
-35.1358,-152.8699,2025-11-30 09:23:26
49.9110,87.5485,2025-11-30 10:24:11
-33.5671,-67.8516,2025-11-30 11:19:02
-44.2171,-108.9944,2025-11-30 12:47:17
50.2904,38.1458,2025-11-30 13:29:34
-41.1540,-126.3662,2025-11-30 14:21:39
-0.1853,82.0509,2025-11-30 15:22:52
49.8743,-44.9107,2025-11-30 16:29:14
-50.9493,154.3168,2025-11-30 17:20:56
-14.7068,45.4727,2025-11-30 18:33:27
12.9962,-147.6634,2025-11-30 19:19:23
-50.8772,107.7304,2025-11-30 20:26:49
36.5200,-45.1885,2025-11-30 21:21:38
8.1029,161.4821,2025-11-30 22:23:31
-43.0537,7.6702,2025-11-30 23:22:53
-26.8562,-61.9708,2025-12-01 02:22:06
-48.8608,1.0312,2025-12-01 04:13:19
-39.0658,-94.0138,2025-12-01 05:32:37
32.3460,178.5721,2025-12-01 06:40:36
-30.6416,-11.2739,2025-12-01 07:27:42
-37.9705,-142.9329,2025-12-01 08:37:55
51.6066,75.5515,2025-12-01 09:34:27
-39.0078,-69.5701,2025-12-01 10:30:09
21.7959,118.4355,2025-12-01 11:23:04
26.5829,90.3732,2025-12-01 12:54:17
-32.1755,-107.4531,2025-12-01 13:38:41
24.7836,68.5051,2025-12-01 14:27:48
17.6116,-90.8922,2025-12-01 15:28:29
-50.1504,165.9039,2025-12-01 16:35:16
43.6089,-4.3292,2025-12-01 17:26:02
36.6147,-118.3619,2025-12-01 18:41:11
-32.2042,44.1560,2025-12-01 19:25:51
-36.7230,128.6444,2025-12-01 21:21:20
-9.5834,-23.2955,2025-12-01 22:23:44
45.4171,-172.7717,2025-12-01 23:23:55
-39.4543,53.6571,2025-12-02 01:58:51
-51.0460,-5.8893,2025-12-02 03:24:20
-8.9878,-118.1533,2025-12-02 04:35:05
20.4138,59.0035,2025-12-02 05:25:26
-35.0277,-10.6608,2025-12-02 06:39:20
31.9162,161.4006,2025-12-02 07:26:58
35.7021,27.9278,2025-12-02 08:36:48
-51.0638,-122.1539,2025-12-02 09:32:12
40.2184,102.5503,2025-12-02 10:29:23
-17.0374,-63.4419,2025-12-02 11:24:30
-22.4978,-91.6738,2025-12-02 12:55:30
25.9624,73.3049,2025-12-02 13:40:42
-23.8431,-116.4992,2025-12-02 14:27:55
-22.8718,87.7442,2025-12-02 15:30:00
49.1127,-14.7552,2025-12-02 16:35:59
-39.7434,177.1321,2025-12-02 17:27:35
-33.9985,52.2757,2025-12-02 18:39:51
26.6113,-147.7538,2025-12-02 19:23:36
26.6467,-45.3895,2025-12-02 21:24:53
4.3219,147.0066,2025-12-02 22:21:48
-44.9191,0.1184,2025-12-02 23:23:21
39.7126,-132.6398,2025-12-03 01:58:28
51.5424,161.0908,2025-12-03 03:22:53
3.5099,52.0090,2025-12-03 04:33:05
-20.8302,-126.4981,2025-12-03 05:25:17
35.7671,162.4799,2025-12-03 06:38:46
-31.6292,-24.1419,2025-12-03 07:26:50
-33.1063,-161.2744,2025-12-03 08:35:29
49.2218,40.5011,2025-12-03 09:29:55
-37.0683,-78.3601,2025-12-03 10:30:28
18.3492,109.6284,2025-12-03 11:23:45
20.4233,84.2810,2025-12-03 12:55:56
-26.3592,-112.9564,2025-12-03 13:40:19
24.7224,56.8215,2025-12-03 14:27:19
22.1150,-98.8108,2025-12-03 15:29:31
-48.8925,160.3193,2025-12-03 16:35:53
40.5352,-10.0864,2025-12-03 17:26:58
32.2380,-135.7513,2025-12-03 18:38:57
-22.4435,22.4841,2025-12-03 19:21:48
46.0990,-69.3515,2025-12-03 20:29:57
-16.7800,-29.5110,2025-12-03 22:25:37
43.1183,170.1837,2025-12-03 23:22:11
-35.8794,47.2729,2025-12-04 01:59:48
-30.2342,30.5810,2025-12-04 03:34:52
-10.5769,-128.7129,2025-12-04 04:35:05
21.5908,48.2906,2025-12-04 05:25:18
-35.4943,-23.0154,2025-12-04 06:38:37
32.4456,149.0441,2025-12-04 07:26:13
33.9700,13.9289,2025-12-04 08:35:34
-50.1235,-140.7701,2025-12-04 09:30:26
37.2019,95.5854,2025-12-04 10:30:07
-15.6005,-74.0248,2025-12-04 11:24:26
-21.0082,-102.0925,2025-12-04 12:55:28
25.0380,62.4630,2025-12-04 13:40:28
-24.2530,-128.6071,2025-12-04 14:27:13
-24.1963,77.2300,2025-12-04 15:29:54
47.7038,-21.0910,2025-12-04 16:36:26
-39.5244,165.7677,2025-12-04 17:27:07
25.4691,-160.5893,2025-12-04 19:22:36
-46.3923,103.9663,2025-12-04 20:29:28
26.1240,-56.6002,2025-12-04 21:24:30
8.8744,138.5751,2025-12-04 22:22:43
-47.5042,-4.3231,2025-12-04 23:24:17
34.6323,-136.9185,2025-12-05 01:59:58
49.8644,164.6688,2025-12-05 03:24:56
6.8987,42.7224,2025-12-05 04:33:36
-23.2066,-136.1115,2025-12-05 05:25:30
34.2096,152.8149,2025-12-05 06:38:47
-32.7171,-37.1424,2025-12-05 07:25:49
-31.3081,-175.1122,2025-12-05 08:34:12
45.9462,17.6081,2025-12-05 09:27:07
-41.5478,-97.4203,2025-12-05 10:27:55
16.8068,99.1664,2025-12-05 11:23:40
28.4351,65.0353,2025-12-05 12:52:29
-34.7995,-134.1662,2025-12-05 13:36:32
25.0029,44.8397,2025-12-05 14:26:36
19.9211,-112.4272,2025-12-05 15:28:08
-51.0191,136.1368,2025-12-05 16:33:01
45.7535,-32.9255,2025-12-05 17:23:45
21.3447,-158.4091,2025-12-05 18:34:24
-22.6552,10.9601,2025-12-05 19:21:14
47.0239,-83.7590,2025-12-05 20:28:45
-28.5386,115.1038,2025-12-05 21:23:19
-14.0052,-43.4076,2025-12-05 22:24:03
46.3480,166.2942,2025-12-05 23:23:17
-47.6032,11.7746,2025-12-06 01:53:28
-43.0970,-80.5668,2025-12-06 03:13:43
8.3135,-153.9918,2025-12-06 04:28:12
20.6726,35.7880,2025-12-06 05:24:20
-41.9872,-45.0950,2025-12-06 06:35:10
39.7294,127.1479,2025-12-06 07:22:37
22.6361,-9.6935,2025-12-06 08:30:46
-40.9199,-179.1881,2025-12-06 09:24:12
47.4678,62.4057,2025-12-06 10:24:24
-28.9296,-97.7327,2025-12-06 11:19:06
-38.0233,-132.7484,2025-12-06 12:48:26
47.4779,15.1664,2025-12-06 13:30:09
-38.4330,-156.9808,2025-12-06 14:21:09
-5.4459,50.6163,2025-12-06 15:22:53
51.1353,-71.0683,2025-12-06 16:29:06
-50.2540,124.1749,2025-12-06 17:20:06
-17.9821,12.9157,2025-12-06 18:32:50
15.8917,179.4181,2025-12-06 19:18:37
-49.3613,81.6857,2025-12-06 20:26:43
33.2430,-76.0522,2025-12-06 21:21:11
11.5093,128.8353,2025-12-06 22:22:54
-46.0806,-20.2892,2025-12-06 23:22:44
7.2236,-123.6374,2025-12-07 02:08:52
-41.0078,-102.2626,2025-12-07 03:58:48
23.7379,44.4720,2025-12-07 04:38:35
-19.7288,-150.8487,2025-12-07 05:23:36
41.9725,129.0928,2025-12-07 06:34:48
-38.8156,-57.2101,2025-12-07 07:22:39
-22.0592,163.9619,2025-12-07 08:30:09
40.3362,-6.0677,2025-12-07 09:23:37
-48.7456,-128.0687,2025-12-07 10:23:07
28.3017,77.0894,2025-12-07 11:18:56
41.3835,35.7950,2025-12-07 12:46:35
-48.5873,-174.6424,2025-12-07 13:29:00
36.7192,19.7306,2025-12-07 14:21:28
3.6206,-136.5398,2025-12-07 15:21:57
-51.0225,101.9661,2025-12-07 16:28:30
50.3216,-62.0815,2025-12-07 17:19:40
20.0935,-171.1717,2025-12-07 18:33:13
48.7850,-101.6468,2025-12-07 20:26:48
-34.1931,96.9180,2025-12-07 21:20:26
-11.1113,-57.2917,2025-12-07 22:22:21
45.7416,152.9481,2025-12-07 23:22:11
-29.4488,31.6502,2025-12-08 02:00:52
37.7524,66.5482,2025-12-08 03:57:02
-27.1961,-138.0344,2025-12-08 04:39:23
33.6023,37.2900,2025-12-08 05:28:14
-22.9378,-32.7657,2025-12-08 06:41:50
22.2827,136.0269,2025-12-08 07:28:28
42.1544,3.2350,2025-12-08 08:37:36
-50.9531,-134.5639,2025-12-08 09:34:02
34.3267,76.1335,2025-12-08 10:29:50
-13.2043,-95.5399,2025-12-08 11:23:47
-21.0075,-125.4679,2025-12-08 12:54:01
26.6960,37.4798,2025-12-08 13:38:26
-16.8824,-145.6280,2025-12-08 14:28:18
-26.2924,55.8558,2025-12-08 15:29:12
48.4443,-47.1257,2025-12-08 16:34:28
-41.0674,139.7321,2025-12-08 17:24:58
-36.6617,20.7474,2025-12-08 18:38:52
27.7520,178.3004,2025-12-08 19:21:57
-43.0178,88.7503,2025-12-08 20:29:48
30.8688,-84.9310,2025-12-08 21:21:17
19.3787,123.3879,2025-12-08 22:24:46
-49.4373,-20.1529,2025-12-08 23:24:15
30.6288,-155.4669,2025-12-09 02:00:00
48.8179,146.1805,2025-12-09 03:24:19
11.4791,22.7350,2025-12-09 04:33:36
-29.4322,-153.3431,2025-12-09 05:26:13
27.2290,137.3272,2025-12-09 06:39:52
-24.8835,-52.1935,2025-12-09 07:27:10
-41.5239,176.2097,2025-12-09 08:36:51
50.9576,15.9078,2025-12-09 09:29:39
-31.7371,-106.5427,2025-12-09 10:30:25
11.1820,80.1706,2025-12-09 11:24:01
15.2869,53.4222,2025-12-09 12:55:31
-21.3942,-143.4330,2025-12-09 13:39:53
16.2171,29.0839,2025-12-09 14:28:04
30.9912,-125.0461,2025-12-09 15:30:31
-48.6656,126.1843,2025-12-09 16:33:52
38.5892,-41.9246,2025-12-09 17:25:37
26.9142,-176.5706,2025-12-09 18:34:47
-19.9010,-14.7845,2025-12-09 19:18:43
47.9595,-110.1758,2025-12-09 20:26:34
-25.2145,95.0783,2025-12-09 21:22:55
-19.7916,-62.0797,2025-12-09 22:24:25
50.3073,158.7026,2025-12-09 23:24:41
-24.4093,25.0344,2025-12-10 02:01:50
40.0103,58.4911,2025-12-10 03:57:08
-29.0526,-147.7717,2025-12-10 04:39:12
32.4515,24.2356,2025-12-10 05:26:56
-25.2479,-46.5617,2025-12-10 06:40:09
21.1854,125.3390,2025-12-10 07:27:59
40.4939,-11.4807,2025-12-10 08:35:58
-51.5413,-161.9661,2025-12-10 09:30:31
30.6623,68.8634,2025-12-10 10:30:21
-10.2320,-104.9521,2025-12-10 11:23:55
-12.7631,-130.4544,2025-12-10 12:55:56
15.0511,35.9854,2025-12-10 13:41:35
-13.4723,-154.5988,2025-12-10 14:28:35
-32.8102,51.2666,2025-12-10 15:30:43
46.6515,-52.7945,2025-12-10 16:34:46
-31.6397,141.5413,2025-12-10 17:27:56
-34.0047,5.5400,2025-12-10 18:36:55
31.1348,170.2929,2025-12-10 19:22:18
-37.4893,86.7217,2025-12-10 20:31:23
9.7303,-77.9806,2025-12-10 21:27:43
23.3150,115.1806,2025-12-10 22:25:13
-48.4781,-35.8762,2025-12-10 23:22:35
18.3907,-155.5085,2025-12-11 02:03:25
-44.5068,-118.4035,2025-12-11 03:58:47
35.5590,34.1563,2025-12-11 04:41:15
-37.2786,-155.2187,2025-12-11 05:28:20
21.8388,130.7498,2025-12-11 06:40:51
-18.6921,-58.3683,2025-12-11 07:28:24
-42.2609,165.9797,2025-12-11 08:36:17
51.3534,23.5503,2025-12-11 09:31:57
-27.8445,-113.9451,2025-12-11 10:30:56
7.5173,71.2327,2025-12-11 11:24:18
7.0962,47.9373,2025-12-11 12:57:19
17.0850,16.7521,2025-12-11 14:26:50
35.6651,-130.9044,2025-12-11 15:31:23
-39.2716,137.1502,2025-12-11 16:37:57
22.6905,-35.2120,2025-12-11 17:30:39
38.3734,-174.1843,2025-12-11 18:38:14
-37.0978,-7.8882,2025-12-11 19:24:06
41.0660,-104.9251,2025-12-11 20:29:19
-9.4525,96.4051,2025-12-11 21:27:21
-26.8490,-67.2617,2025-12-11 22:25:57
51.1347,153.5778,2025-12-11 23:24:51
-18.9727,18.1915,2025-12-12 02:02:45
44.6863,56.2056,2025-12-12 03:58:24
-32.8722,-155.0776,2025-12-12 04:39:40
35.8731,16.9741,2025-12-12 05:27:18
-21.2409,-54.5418,2025-12-12 06:40:35
19.6199,115.0536,2025-12-12 07:27:33
43.8616,-16.4938,2025-12-12 08:36:35
-51.6047,-168.5562,2025-12-12 09:30:23
30.9314,56.9377,2025-12-12 10:29:16
-3.9172,-111.9936,2025-12-12 11:25:01
-13.3380,-142.5164,2025-12-12 12:54:45
20.1083,20.2390,2025-12-12 13:38:51
-25.6102,-176.5360,2025-12-12 14:23:24
-29.3451,35.7109,2025-12-12 15:28:25
48.4877,-70.5592,2025-12-12 16:32:32
-37.7272,121.9516,2025-12-12 17:24:32
-40.2747,3.1209,2025-12-12 18:38:31
30.4668,157.9253,2025-12-12 19:21:02
-39.3827,72.1620,2025-12-12 20:29:34
26.1583,106.2444,2025-12-12 22:25:12
-50.9658,-33.8627,2025-12-12 23:24:01
34.6436,176.4482,2025-12-13 01:56:32
50.0279,117.1627,2025-12-13 03:21:19
9.3802,-2.0800,2025-12-13 04:30:57
-34.8820,-170.1496,2025-12-13 05:26:20
30.4631,110.6596,2025-12-13 06:36:44
-22.7591,-73.4873,2025-12-13 07:25:58
-31.3888,138.3741,2025-12-13 08:30:44
48.2480,-21.7632,2025-12-13 09:25:04
-40.3597,-141.8827,2025-12-13 10:24:57
18.0846,51.5301,2025-12-13 11:19:43
28.3852,18.4933,2025-12-13 12:48:58
-40.3327,170.9641,2025-12-13 13:30:42
27.3068,-4.0024,2025-12-13 14:22:13
16.8643,-161.5394,2025-12-13 15:23:32
-50.6452,92.6345,2025-12-13 16:30:00
43.9752,-75.1770,2025-12-13 17:21:08
27.8001,161.0860,2025-12-13 18:33:05
-26.4095,-32.0999,2025-12-13 19:18:59
44.3850,-123.3115,2025-12-13 20:26:39
-23.7069,73.2540,2025-12-13 21:21:26
-22.4455,-83.0079,2025-12-13 22:23:19
50.6362,137.6849,2025-12-13 23:23:02
4.2893,23.8381,2025-12-14 02:09:24
50.5416,66.2148,2025-12-14 04:01:30
35.0477,4.2666,2025-12-14 05:25:53
-30.1244,-74.7667,2025-12-14 06:36:19
27.6421,96.0620,2025-12-14 07:23:38
36.4271,-41.0541,2025-12-14 08:32:10
-49.3028,156.7662,2025-12-14 09:25:18
37.2572,37.2537,2025-12-14 10:25:42
-16.3811,-132.8934,2025-12-14 11:19:45
-26.4651,-165.3653,2025-12-14 12:49:07
38.5369,-11.8788,2025-12-14 13:30:54
-24.4506,172.9685,2025-12-14 14:22:42
-18.7417,14.2097,2025-12-14 15:23:34
50.2629,-90.6101,2025-12-14 16:29:53
-43.6274,99.7960,2025-12-14 17:20:45
-33.7114,-18.0403,2025-12-14 18:34:41
29.6980,145.4897,2025-12-14 19:19:38
-42.3717,55.2033,2025-12-14 20:27:05
19.6995,-109.0070,2025-12-14 21:22:14
23.5207,92.1627,2025-12-14 22:23:09
-50.7452,-47.2883,2025-12-14 23:22:35
1.9584,-166.3820,2025-12-15 02:06:45
-50.2316,-87.4137,2025-12-15 04:06:24
-46.8677,-158.9434,2025-12-15 05:30:50
11.0347,116.2467,2025-12-15 06:42:21
-8.0801,-73.3803,2025-12-15 07:29:47
-50.0484,166.5506,2025-12-15 08:38:59
38.8146,40.8936,2025-12-15 09:38:02
-15.3223,-126.0441,2025-12-15 10:33:06
-0.7472,53.9396,2025-12-15 11:24:50
-2.0836,31.2881,2025-12-15 12:58:08
10.2257,-154.6386,2025-12-15 13:47:18
37.6853,-151.2196,2025-12-15 15:30:00
-33.4338,122.1934,2025-12-15 16:38:07
21.0666,-56.9687,2025-12-15 17:29:00
45.1396,175.7275,2025-12-15 18:39:13
-43.0465,-20.8248,2025-12-15 19:24:33
33.0432,-116.3207,2025-12-15 20:30:25
-6.6177,75.2859,2025-12-15 21:26:04
-32.6103,-84.1767,2025-12-15 22:25:51
51.4198,146.9296,2025-12-15 23:25:23
-10.0782,1.9592,2025-12-16 02:03:31
49.1813,47.2311,2025-12-16 03:59:01
-44.5864,-159.0061,2025-12-16 04:42:31
42.4184,4.4984,2025-12-16 05:27:53
-12.9083,-70.9654,2025-12-16 06:41:10
10.4329,99.1063,2025-12-16 07:28:23
48.9711,-24.4776,2025-12-16 08:37:26
-49.2723,-170.8115,2025-12-16 09:31:45
19.7632,44.5578,2025-12-16 10:30:59
3.2518,-130.0777,2025-12-16 11:25:06
-1.3342,-156.9306,2025-12-16 12:56:27
-1.4994,13.2868,2025-12-16 13:43:47
0.1367,-179.4872,2025-12-16 14:29:48
-37.8496,23.2464,2025-12-16 15:29:27
36.1264,-67.1105,2025-12-16 16:36:27
-22.7814,115.7233,2025-12-16 17:27:51
-45.9117,-8.0519,2025-12-16 18:39:01
41.8394,150.9806,2025-12-16 19:23:23
-31.2321,60.0215,2025-12-16 20:30:32
4.6552,-109.0816,2025-12-16 21:26:05
28.5746,85.5194,2025-12-16 22:23:46
-51.4750,-39.8620,2025-12-16 23:24:37
37.3294,72.6717,2025-12-17 01:59:08
37.3294,72.6717,2025-12-17 03:35:23
37.3294,72.6717,2025-12-17 04:36:58
37.3294,72.6717,2025-12-17 05:28:21
37.3294,72.6717,2025-12-17 06:40:25
37.3294,72.6717,2025-12-17 07:27:20
37.3294,72.6717,2025-12-17 08:36:52
37.3294,72.6717,2025-12-17 09:33:27
37.3294,72.6717,2025-12-17 10:30:23
37.3294,72.6717,2025-12-17 11:25:09
-0.4471,18.5564,2025-12-17 12:56:24
-14.9809,175.4542,2025-12-17 13:37:45
1.9210,-6.7211,2025-12-17 14:28:29
40.3214,-158.5592,2025-12-17 15:29:55
-36.5456,106.5156,2025-12-17 16:35:41
22.0711,-69.4183,2025-12-17 17:27:28
48.2132,173.3553,2025-12-17 18:39:53
-43.9850,-30.3668,2025-12-17 19:23:48
28.5247,-122.8021,2025-12-17 20:30:54
-1.3035,67.5136,2025-12-17 21:26:36
-34.7888,-93.0202,2025-12-17 22:25:29
50.9009,141.2726,2025-12-17 23:25:11
-18.6613,-16.2986,2025-12-18 01:59:25
-5.9660,-30.2069,2025-12-18 03:36:31
-37.5413,176.4118,2025-12-18 04:38:03
45.7996,0.6680,2025-12-18 05:28:25
-12.2496,-82.0296,2025-12-18 06:40:10
10.1588,87.7452,2025-12-18 07:27:16
48.8592,-36.5140,2025-12-18 08:36:08
-46.5802,-172.7459,2025-12-18 09:32:25
20.3109,32.5271,2025-12-18 10:29:34
3.3546,-141.5694,2025-12-18 11:23:55
-3.8891,-170.3114,2025-12-18 12:54:23
6.0501,-3.6510,2025-12-18 13:40:05
-1.4102,167.8538,2025-12-18 14:28:04
-40.0157,15.1423,2025-12-18 15:29:09
28.9750,-70.0570,2025-12-18 16:37:57
-20.4719,106.1895,2025-12-18 17:27:25
-49.2079,-8.4032,2025-12-18 18:40:00
38.2878,133.3483,2025-12-18 19:20:35
-37.7098,40.0482,2025-12-18 20:26:44
13.2400,-126.9624,2025-12-18 21:22:00
35.6254,82.3078,2025-12-18 22:25:13
-50.6720,-42.6838,2025-12-18 23:24:52
8.2563,165.9626,2025-12-19 02:02:15
-50.4846,-143.1050,2025-12-19 03:58:25
44.1718,2.6809,2025-12-19 04:40:28
-45.5980,174.3615,2025-12-19 05:27:39
14.3284,90.6077,2025-12-19 06:38:48
-10.8869,-98.5814,2025-12-19 07:26:25
-48.8956,137.8608,2025-12-19 08:35:31
49.2876,-8.2179,2025-12-19 09:29:52
-21.2826,-154.0949,2025-12-19 10:28:37
-2.8985,32.3377,2025-12-19 11:23:05
6.9872,1.6957,2025-12-19 12:52:42
-14.8638,163.9894,2025-12-19 13:36:32
3.1416,-19.1444,2025-12-19 14:26:49
40.4165,-169.9509,2025-12-19 15:28:43
-38.4606,92.1242,2025-12-19 16:33:38
31.5799,-90.5099,2025-12-19 17:22:46
45.7138,154.0755,2025-12-19 18:37:03
-39.8224,-49.9570,2025-12-19 19:20:35
29.7124,-135.6188,2025-12-19 20:29:11
-7.0220,51.8717,2025-12-19 21:23:27
-36.8513,-101.7542,2025-12-19 22:25:03
50.3468,133.7677,2025-12-19 23:24:37
-23.7355,-32.2730,2025-12-20 01:56:23
-45.3522,-86.5608,2025-12-20 03:20:24
-22.2959,147.7594,2025-12-20 04:31:05
43.6119,-16.1403,2025-12-20 05:25:58
-17.3200,-97.5451,2025-12-20 06:37:11
20.0787,68.3733,2025-12-20 07:22:38
44.0046,-62.4675,2025-12-20 08:31:53
-51.5943,142.0513,2025-12-20 09:25:06
28.3322,13.4621,2025-12-20 10:25:27
-4.8721,-158.9640,2025-12-20 11:19:55
-16.1532,168.9992,2025-12-20 12:49:01
27.9261,-33.3153,2025-12-20 13:31:19
-30.0682,-9.7904,2025-12-20 15:23:53
45.8798,-108.5197,2025-12-20 16:29:24
-36.9375,76.8323,2025-12-20 17:20:03
-38.3611,-46.2824,2025-12-20 18:32:52
39.3475,123.4813,2025-12-20 19:19:44
-36.1827,30.7034,2025-12-20 20:26:04
11.3818,-137.0996,2025-12-20 21:21:19
33.5166,68.0292,2025-12-20 22:23:05
-51.0385,-57.2874,2025-12-20 23:23:03
-16.8747,172.8081,2025-12-21 02:09:16
-50.2912,-122.4467,2025-12-21 04:02:36
-47.1114,167.1215,2025-12-21 05:27:14
14.5011,78.9303,2025-12-21 06:37:26
-14.6796,-113.0158,2025-12-21 07:23:50
-46.3006,117.5246,2025-12-21 08:32:28
51.4266,-35.4357,2025-12-21 09:25:49
-25.1024,-169.1085,2025-12-21 10:25:58
0.9590,18.0598,2025-12-21 11:20:30
12.2304,-13.7193,2025-12-21 12:49:38
-24.8133,143.9692,2025-12-21 13:31:47
11.0949,-36.4627,2025-12-21 14:22:52
31.8991,166.5045,2025-12-21 15:23:56
-43.6126,71.1767,2025-12-21 16:29:57
31.3549,-101.7893,2025-12-21 17:21:32
43.5268,137.3228,2025-12-21 18:34:34
-40.5046,-60.3294,2025-12-21 19:19:33
31.1845,-148.7897,2025-12-21 20:27:19
-7.0355,40.3250,2025-12-21 21:22:07
-38.9895,-110.0565,2025-12-21 22:24:37
50.1986,123.1480,2025-12-21 23:23:27
16.8898,-12.9535,2025-12-22 02:08:38
43.6851,74.0401,2025-12-22 04:06:20
50.6736,-2.6859,2025-12-22 05:29:32
0.7299,-95.7230,2025-12-22 06:41:50
-2.2894,73.5927,2025-12-22 07:28:45
51.6108,-36.3286,2025-12-22 08:37:33
-37.4171,-177.4107,2025-12-22 09:34:12
14.3288,14.3057,2025-12-22 10:28:58
9.8357,-159.9628,2025-12-22 11:23:25
2.8126,171.3651,2025-12-22 12:53:57
3.6128,-24.9857,2025-12-22 13:38:14
1.9393,147.1480,2025-12-22 14:26:31
-43.0938,-2.1614,2025-12-22 15:27:56
33.9442,-98.8634,2025-12-22 16:33:25
-24.2155,79.7728,2025-12-22 17:23:27
-49.5926,-29.6829,2025-12-22 18:37:41
45.4631,124.3198,2025-12-22 19:21:19
-24.4569,32.3526,2025-12-22 20:29:05
1.0851,-141.1766,2025-12-22 21:23:21
44.8687,75.6402,2025-12-22 22:26:43
-48.0980,-53.1014,2025-12-22 23:24:31
-4.9086,152.2921,2025-12-23 02:03:54
-50.2718,-133.8509,2025-12-23 04:01:15
-51.1545,175.7812,2025-12-23 05:29:34
-0.8083,78.5830,2025-12-23 06:41:07
2.6397,-111.9245,2025-12-23 07:28:11
-51.5567,135.0277,2025-12-23 08:36:22
42.7845,-12.4057,2025-12-23 09:31:05
-10.2908,-168.3984,2025-12-23 10:29:38
-16.0037,19.0018,2025-12-23 11:24:44
-9.0127,-9.9161,2025-12-23 12:55:15
3.1741,154.0665,2025-12-23 13:39:47
-5.4088,-36.1260,2025-12-23 14:26:55
44.6517,175.5500,2025-12-23 15:28:01
-29.8368,80.1774,2025-12-23 16:34:17
16.6949,-99.5056,2025-12-23 17:25:18
50.7385,151.4713,2025-12-23 18:38:12
-46.9430,-57.2964,2025-12-23 19:21:27
23.8038,-152.7882,2025-12-23 20:28:34
2.8612,35.8593,2025-12-23 21:23:58
-42.8020,-114.7074,2025-12-23 22:24:55
47.4818,123.2638,2025-12-23 23:24:11
1.0648,-36.2063,2025-12-24 02:01:56
51.3180,31.5145,2025-12-24 03:58:58
-51.5833,-170.7616,2025-12-24 04:43:39
51.4550,-5.8796,2025-12-24 05:29:31
2.8814,-105.7070,2025-12-24 06:41:06
-4.4991,63.6563,2025-12-24 07:28:02
51.6122,-47.2682,2025-12-24 08:36:12
-44.2666,158.6278,2025-12-24 09:29:38
13.9219,3.1111,2025-12-24 10:27:39
14.5160,-167.9271,2025-12-24 11:23:32
6.9417,162.8151,2025-12-24 12:53:52
7.6081,-39.3659,2025-12-24 13:35:27
2.4143,135.9765,2025-12-24 14:25:13
-44.0969,-11.4878,2025-12-24 15:26:59
34.4511,-111.0166,2025-12-24 16:31:46
-24.3198,68.1689,2025-12-24 17:21:58
-50.3195,-37.1730,2025-12-24 18:36:57
45.4150,112.6928,2025-12-24 19:19:49
-22.5071,22.6299,2025-12-24 20:28:19
-3.5773,-149.3718,2025-12-24 21:23:25
44.3565,62.9213,2025-12-24 22:24:58
-45.9826,-58.0259,2025-12-24 23:24:23
-10.0519,144.5280,2025-12-25 02:04:07
-48.7600,-137.9277,2025-12-25 04:01:08
-51.5673,171.0967,2025-12-25 05:29:13
-2.8241,68.5139,2025-12-25 06:40:17
1.9419,-123.9196,2025-12-25 07:26:28
-51.5557,123.5259,2025-12-25 08:34:52
44.6898,-28.1054,2025-12-25 09:28:37
-11.6187,179.1111,2025-12-25 10:27:41
-13.3646,5.4457,2025-12-25 11:22:21
-5.8990,-23.6740,2025-12-25 12:52:43
-5.2663,136.5705,2025-12-25 13:35:30
-4.6122,-48.1924,2025-12-25 14:25:09
43.9405,162.4159,2025-12-25 15:26:08
-31.1953,67.1699,2025-12-25 16:32:17
20.7069,-114.3323,2025-12-25 17:22:25
50.4349,137.8277,2025-12-25 18:36:18
-47.1453,-68.1629,2025-12-25 19:20:04
18.3448,-159.5348,2025-12-25 20:28:56
5.9339,26.5639,2025-12-25 21:23:27
-45.7656,-119.3260,2025-12-25 22:24:57
45.0429,118.6709,2025-12-25 23:24:06
9.5125,-41.6192,2025-12-26 02:03:12
50.3288,28.5523,2025-12-26 03:58:54
-51.4955,175.2437,2025-12-26 04:41:42
51.4083,-18.1661,2025-12-26 05:27:50
3.2138,-116.9572,2025-12-26 06:39:40
-4.1418,51.9150,2025-12-26 07:26:22
51.6074,-57.7371,2025-12-26 08:34:49
-44.1936,147.3094,2025-12-26 09:28:07
9.0685,-4.7234,2025-12-26 10:27:43
18.5578,-176.1705,2025-12-26 11:23:20
8.7204,152.6272,2025-12-26 12:52:54
0.9175,-46.0614,2025-12-26 13:36:06
8.6871,129.0078,2025-12-26 14:25:44
-46.5798,-16.6170,2025-12-26 15:26:48
30.3469,-117.6060,2025-12-26 16:31:45
-19.5945,60.8701,2025-12-26 17:22:02
-51.1183,-42.3998,2025-12-26 18:36:28
47.8780,108.5158,2025-12-26 19:19:45
-19.3017,13.9247,2025-12-26 20:27:50
-7.1565,-158.2802,2025-12-26 21:23:01
47.2175,59.1357,2025-12-26 22:25:01
-43.5685,-63.6602,2025-12-26 23:24:06
-4.7801,129.2228,2025-12-27 02:00:47
-51.2729,-165.1300,2025-12-27 03:56:44
49.8117,-24.9243,2025-12-27 04:38:23
-51.1354,152.6079,2025-12-27 05:26:27
-0.9805,55.7334,2025-12-27 06:38:05
-1.7088,-137.9800,2025-12-27 07:23:40
-51.5467,111.7810,2025-12-27 08:33:13
46.2945,-43.7297,2025-12-27 09:26:07
-12.0343,167.3282,2025-12-27 10:25:57
-13.0220,-6.2852,2025-12-27 11:20:37
-3.4121,-36.9210,2025-12-27 12:50:17
-10.5537,121.2475,2025-12-27 13:32:08
-3.9434,-60.1376,2025-12-27 14:23:18
43.4586,149.8917,2025-12-27 15:24:17
-31.6524,55.1786,2025-12-27 16:30:29
19.0792,-124.4173,2025-12-27 17:21:21
50.6511,127.8601,2025-12-27 18:34:56
-48.4016,-75.3110,2025-12-27 19:19:18
16.6596,-169.6271,2025-12-27 20:27:52
7.1601,15.9863,2025-12-27 21:22:13
-46.7073,-128.1516,2025-12-27 22:23:52
41.8655,114.0812,2025-12-27 23:24:03
51.5991,22.5239,2025-12-28 02:21:19
21.5675,68.2888,2025-12-28 04:10:26
50.5228,-7.7731,2025-12-28 05:29:53
4.1264,-127.7655,2025-12-28 06:38:19
-6.2605,41.9765,2025-12-28 07:25:24
51.5874,-67.8739,2025-12-28 08:33:22
-44.2380,135.7507,2025-12-28 09:26:26
8.1415,-15.4999,2025-12-28 10:26:21
17.4732,171.4848,2025-12-28 11:21:18
9.1328,141.4756,2025-12-28 12:51:21
5.2717,-60.6152,2025-12-28 13:33:00
8.5572,117.4592,2025-12-28 14:24:01
-46.6608,-27.8330,2025-12-28 15:25:10
27.2094,-125.7515,2025-12-28 16:31:13
-13.1492,54.5792,2025-12-28 17:22:32
-51.5676,-46.6632,2025-12-28 18:35:59
50.2381,107.5976,2025-12-28 19:20:01
-12.5856,7.8200,2025-12-28 20:28:25
-13.4828,-165.0222,2025-12-28 21:23:26
49.4939,56.4173,2025-12-28 22:24:59
-39.1317,-66.8575,2025-12-28 23:24:27
-51.1521,-171.4707,2025-12-29 02:19:04
-11.7508,-109.5222,2025-12-29 04:12:56
-43.2510,-168.8073,2025-12-29 05:33:56
-20.3204,58.9302,2025-12-29 06:42:50
25.4702,-128.2201,2025-12-29 07:31:04
-45.4191,138.9692,2025-12-29 08:38:30
16.0035,-15.3787,2025-12-29 09:36:25
3.7784,167.2826,2025-12-29 10:29:26
-28.0093,-4.6788,2025-12-29 11:24:05
-26.3590,-29.9312,2025-12-29 12:56:20
22.5660,134.7130,2025-12-29 13:41:26
-20.5897,-58.8104,2025-12-29 14:27:09
51.4331,171.7044,2025-12-29 15:28:52
-21.0403,54.2645,2025-12-29 16:32:33
7.7845,-127.1311,2025-12-29 17:23:24
51.0685,141.5379,2025-12-29 18:37:25
-51.1013,-71.5394,2025-12-29 19:20:16
5.2404,-172.4810,2025-12-29 20:29:55
17.3364,12.2954,2025-12-29 21:23:52
-50.2656,-125.1394,2025-12-29 22:24:51
37.0204,110.6611,2025-12-29 23:24:23
23.7055,-53.0063,2025-12-30 02:04:35
38.2294,38.0774,2025-12-30 04:02:25
49.7250,-14.5183,2025-12-30 05:28:55
15.4311,-130.7922,2025-12-30 06:40:17
-17.4643,39.0453,2025-12-30 07:27:22
48.2201,-55.2456,2025-12-30 08:35:49
-29.3825,146.7343,2025-12-30 09:30:52
-8.7480,-14.8307,2025-12-30 10:30:08
31.6517,173.5760,2025-12-30 11:24:32
26.9447,144.9349,2025-12-30 12:55:39
-20.8344,-52.5098,2025-12-30 13:39:53
19.9950,114.7675,2025-12-30 14:26:52
-51.4311,-14.2735,2025-12-30 15:28:50
15.0433,-126.7250,2025-12-30 16:34:32
-1.4670,51.4486,2025-12-30 17:25:32
-49.9617,-36.5666,2025-12-30 18:38:54
51.1995,103.5492,2025-12-30 19:20:32
-8.0036,-0.4553,2025-12-30 20:29:11
-21.6035,-170.0851,2025-12-30 21:25:30
49.9655,47.1360,2025-12-30 22:24:43
-38.2261,-77.1377,2025-12-30 23:24:11
-24.0143,121.2617,2025-12-31 02:05:02
-40.2735,-151.2923,2025-12-31 04:02:01
-48.1603,166.1034,2025-12-31 05:30:42
-15.3974,43.1230,2025-12-31 06:40:47
16.9506,-147.4468,2025-12-31 07:27:46
-49.0218,115.4899,2025-12-31 08:35:51
32.9337,-43.3895,2025-12-31 09:30:08
-1.2034,151.9400,2025-12-31 10:27:33
-28.1823,-16.3210,2025-12-31 11:23:57
-19.4983,-47.9779,2025-12-31 12:53:48
6.4013,110.1391,2025-12-31 13:35:52
-17.1248,-73.5419,2025-12-31 14:25:53
49.6867,145.9723,2025-12-31 15:26:24
-21.1579,42.3000,2025-12-31 16:32:30
9.9466,-140.5889,2025-12-31 17:22:42
51.4252,125.2282,2025-12-31 18:36:44
-51.2077,-82.2963,2025-12-31 19:20:35
9.8758,172.2471,2025-12-31 20:28:32
15.6261,-0.9801,2025-12-31 21:23:27
-51.0852,-130.8192,2025-12-31 22:26:09
35.5478,100.7923,2025-12-31 23:25:14
51.1438,10.8572,2026-01-01 02:21:52
12.2804,52.4059,2026-01-01 04:12:14
44.9383,-10.3201,2026-01-01 05:32:36
16.3386,-142.0645,2026-01-01 06:41:06
-16.8237,26.5229,2026-01-01 07:27:43
49.0350,-70.4874,2026-01-01 08:35:48
-31.4349,132.4372,2026-01-01 09:30:44
-3.1037,-30.9285,2026-01-01 10:28:56
24.5255,154.1548,2026-01-01 11:22:38
20.1851,126.6727,2026-01-01 12:54:01
-10.1595,-73.0393,2026-01-01 13:37:04
14.5664,98.4974,2026-01-01 14:25:01
-50.5362,-34.9972,2026-01-01 15:27:18
18.3867,-141.2730,2026-01-01 16:33:23
-5.1948,36.9303,2026-01-01 17:24:17
-51.2779,-58.5870,2026-01-01 18:37:06
51.5359,97.0424,2026-01-01 19:21:24
-7.1573,-11.6994,2026-01-01 20:29:27
-19.3293,176.1079,2026-01-01 21:24:40
50.4466,38.1696,2026-01-01 22:25:13
-35.7592,-85.4326,2026-01-01 23:25:10
-28.9575,114.2847,2026-01-02 02:06:47
-32.4041,-151.9913,2026-01-02 04:05:11
-47.3693,156.9544,2026-01-02 05:31:11
-15.5569,31.3938,2026-01-02 06:40:48
20.7478,-156.1399,2026-01-02 07:29:01
-48.3723,106.2439,2026-01-02 08:36:18
32.3593,-54.5539,2026-01-02 09:30:18
-1.7763,139.6794,2026-01-02 10:27:19
-24.5070,-31.7848,2026-01-02 11:22:35
-15.9773,-62.7051,2026-01-02 12:52:32
8.4366,99.7646,2026-01-02 13:36:29
-19.7692,-83.2075,2026-01-02 14:26:44
51.0710,143.4379,2026-01-02 15:27:58
-21.3274,30.3018,2026-01-02 16:32:22
9.3485,-151.9960,2026-01-02 17:22:50
51.3187,114.9727,2026-01-02 18:36:55
-48.0583,-111.7559,2026-01-02 19:17:20
10.5604,159.8917,2026-01-02 20:28:13
17.3604,-11.4397,2026-01-02 21:23:58
-51.1929,-141.5264,2026-01-02 22:26:16
38.2837,85.0053,2026-01-02 23:24:02
9.1047,-88.6052,2026-01-03 01:59:54
21.8781,-102.0532,2026-01-03 03:37:06
-49.9611,114.8949,2026-01-03 04:36:16
51.3723,-51.0388,2026-01-03 05:27:05
8.3625,-159.9714,2026-01-03 06:38:20
-6.0674,6.5671,2026-01-03 07:24:00
51.2292,-96.3710,2026-01-03 08:33:12
-42.2086,104.7565,2026-01-03 09:26:10
4.6440,-48.2698,2026-01-03 10:26:17
19.3695,137.7515,2026-01-03 11:20:44
11.1856,107.6862,2026-01-03 12:50:52
0.3636,-92.4416,2026-01-03 13:33:29
10.8192,83.8058,2026-01-03 14:23:39
-49.1751,-54.2190,2026-01-03 15:25:51
23.5002,-157.5402,2026-01-03 16:31:30
-11.3998,20.5550,2026-01-03 17:22:07
-51.5991,-80.6434,2026-01-03 18:35:16
50.6416,74.9041,2026-01-03 19:19:31
-10.9663,-26.3347,2026-01-03 20:28:03
-15.0205,160.7865,2026-01-03 21:23:05
50.1505,24.4960,2026-01-03 22:24:45
-37.4187,-99.6176,2026-01-03 23:24:22
-49.8930,-177.9289,2026-01-04 02:23:18
-8.4291,-142.4962,2026-01-04 04:13:23
-47.3907,145.0545,2026-01-04 05:31:02
-10.3719,15.6039,2026-01-04 06:38:54
13.4909,-173.8508,2026-01-04 07:26:25
-50.4808,84.1291,2026-01-04 08:34:16
44.1854,-85.3122,2026-01-04 09:25:03
-6.0870,124.7749,2026-01-04 10:25:45
-19.5021,-48.0434,2026-01-04 11:20:40
-13.8708,-76.1775,2026-01-04 12:51:39
-1.1740,81.0659,2026-01-04 13:33:09
-9.1632,-103.3238,2026-01-04 14:22:59
47.4410,113.3394,2026-01-04 15:24:28
-24.8066,15.3243,2026-01-04 16:30:59
10.7362,-164.8466,2026-01-04 17:22:11
51.6072,96.2786,2026-01-04 18:35:35
-50.8827,-109.1254,2026-01-04 19:19:47
7.8785,150.0439,2026-01-04 20:28:56
16.3728,-24.0564,2026-01-04 21:23:27
-50.6194,-158.3860,2026-01-04 22:25:13
35.4455,77.2642,2026-01-04 23:25:00
50.3746,-6.6426,2026-01-05 02:22:39
-9.9877,44.8227,2026-01-05 04:19:19
30.4566,-11.0858,2026-01-05 05:38:30
36.4461,-145.1950,2026-01-05 06:48:05
-33.9799,19.7148,2026-01-05 07:33:33
38.6492,-69.0234,2026-01-05 08:41:04
-8.4120,128.9860,2026-01-05 09:38:25
-12.1690,-47.9720,2026-01-05 10:31:37
30.8916,137.0179,2026-01-05 11:24:37
32.8573,115.7052,2026-01-05 12:58:15
-40.4497,-65.1796,2026-01-05 13:47:49
32.7592,91.9808,2026-01-05 14:31:07
-51.5317,-39.3339,2026-01-05 15:30:15
15.2741,-162.4152,2026-01-05 16:34:06
4.4325,20.1272,2026-01-05 17:27:07
-47.3596,-61.4082,2026-01-05 18:40:33
50.1185,95.2450,2026-01-05 19:24:46
0.1434,-30.1343,2026-01-05 20:31:30
-26.2000,158.6627,2026-01-05 21:26:43
51.4458,24.2629,2026-01-05 22:26:31
-33.7776,-106.4880,2026-01-05 23:25:35
-28.5609,90.2289,2026-01-06 02:06:15
-35.1296,-179.0500,2026-01-06 04:03:44
-48.2567,130.2533,2026-01-06 05:30:12
-20.0790,11.4594,2026-01-06 06:41:56
27.5175,-173.4694,2026-01-06 07:31:01
-43.3610,96.4896,2026-01-06 08:38:50
26.5165,-71.8848,2026-01-06 09:32:02
7.8876,122.9473,2026-01-06 10:30:05
-30.4218,-49.4065,2026-01-06 11:24:18
-27.3067,-76.3027,2026-01-06 12:56:03
26.3018,90.8931,2026-01-06 13:42:09
-25.8972,-101.3015,2026-01-06 14:28:27
51.6083,129.5977,2026-01-06 15:29:12
-7.8003,17.3040,2026-01-06 16:36:30
-6.1053,-164.5621,2026-01-06 17:27:30
49.0802,106.3202,2026-01-06 18:39:07
-51.6009,-110.0395,2026-01-06 19:21:22
2.8244,141.8732,2026-01-06 20:30:20
25.6571,-27.7646,2026-01-06 21:26:23
-51.5814,-158.2511,2026-01-06 22:26:59
31.4251,70.4498,2026-01-06 23:26:17
28.9409,-95.2703,2026-01-07 02:06:15
33.8731,-3.3085,2026-01-07 04:04:01
47.7239,-53.7399,2026-01-07 05:30:22
19.0151,-175.3382,2026-01-07 06:41:26
-25.6559,-1.2030,2026-01-07 07:30:11
44.1047,-91.0260,2026-01-07 08:38:15
-20.9568,107.3280,2026-01-07 09:33:54
-10.0767,-61.3324,2026-01-07 10:30:38
34.6004,129.6983,2026-01-07 11:25:45
30.3767,101.0408,2026-01-07 12:57:02
-35.5857,-84.4070,2026-01-07 13:45:29
29.8536,76.8604,2026-01-07 14:29:43
-50.7423,-41.6783,2026-01-07 15:31:33
5.3724,-166.8248,2026-01-07 16:37:05
16.5064,17.3698,2026-01-07 17:30:50
-46.7058,-71.1827,2026-01-07 18:40:39
50.0870,83.6364,2026-01-07 19:24:30
1.0322,-41.2972,2026-01-07 20:31:29
-26.2737,146.9434,2026-01-07 21:26:26
51.5769,15.6730,2026-01-07 22:26:45
-30.7647,-114.7086,2026-01-07 23:26:26
-30.0237,80.0046,2026-01-08 02:06:28
-34.1740,170.4038,2026-01-08 04:03:48
-46.9489,122.8480,2026-01-08 05:30:45
-20.4524,-0.0085,2026-01-08 06:41:44
24.1888,171.5143,2026-01-08 07:29:30
-44.6785,81.7354,2026-01-08 08:37:50
19.6841,-77.4580,2026-01-08 09:34:06
10.6602,113.2028,2026-01-08 10:30:41
-35.9657,-54.3694,2026-01-08 11:26:07
-31.6135,-83.4487,2026-01-08 12:57:19
40.5609,97.3338,2026-01-08 13:47:23
-33.1023,-105.2858,2026-01-08 14:30:46
50.0628,136.9037,2026-01-08 15:32:07
-4.2136,8.1044,2026-01-08 16:37:21
-18.8538,-166.5963,2026-01-08 17:31:26
51.1663,81.4066,2026-01-08 18:36:27
-50.1451,-102.5978,2026-01-08 19:24:18
-1.5453,133.1919,2026-01-08 20:31:25
29.8167,-35.2934,2026-01-08 21:27:33
-51.6114,-168.0620,2026-01-08 22:26:58
39.3749,47.8773,2026-01-08 23:22:45
33.7750,-101.4965,2026-01-09 02:07:42
32.6624,-13.5973,2026-01-09 04:04:08
46.1999,-60.8406,2026-01-09 05:30:57
20.3319,173.9970,2026-01-09 06:41:32
-26.5117,-12.1448,2026-01-09 07:30:08
44.1550,-102.9144,2026-01-09 08:37:51
-20.2037,96.1993,2026-01-09 09:33:48
-7.9850,-74.6431,2026-01-09 10:29:34
32.3544,115.1378,2026-01-09 11:24:31
29.3345,88.1305,2026-01-09 12:56:17
-27.9729,-105.0969,2026-01-09 13:42:13
31.8127,67.2914,2026-01-09 14:30:05
-51.4340,-60.8568,2026-01-09 15:29:55
9.3329,178.5295,2026-01-09 16:35:24
-47.2872,-84.7372,2026-01-09 18:39:55
49.8644,73.0986,2026-01-09 19:24:20
-0.1021,-53.8722,2026-01-09 20:30:44
-27.0738,135.9659,2026-01-09 21:26:20
51.6044,5.3183,2026-01-09 22:26:36
-30.6584,-126.3604,2026-01-09 23:26:05
-22.4850,60.8181,2026-01-10 02:03:22
-45.6071,138.4659,2026-01-10 03:58:16
50.9066,-75.4162,2026-01-10 04:40:28
-50.7747,93.8524,2026-01-10 05:27:09
-8.7563,-20.9475,2026-01-10 06:37:23
8.4992,147.0508,2026-01-10 07:23:47
-50.8213,46.2705,2026-01-10 08:32:52
40.0423,-112.5515,2026-01-10 09:26:02
-2.6348,91.8839,2026-01-10 10:25:54
-23.1706,-80.1957,2026-01-10 11:20:57
-14.5930,-110.9699,2026-01-10 12:50:54
1.2433,47.4239,2026-01-10 13:32:58
-16.0337,-133.4418,2026-01-10 14:24:16
49.2146,84.7025,2026-01-10 15:24:45
-21.8926,-17.3705,2026-01-10 16:31:00
8.0617,161.7773,2026-01-10 17:22:03
51.3224,67.7591,2026-01-10 18:35:43
-51.4739,-137.4649,2026-01-10 19:19:57
7.7847,114.7689,2026-01-10 20:27:55
17.8845,-58.1811,2026-01-10 21:22:56
-51.0286,169.6161,2026-01-10 22:24:46
34.4666,43.2133,2026-01-10 23:24:20
48.9769,-34.8050,2026-01-11 02:22:53
7.3015,-2.9052,2026-01-11 04:12:31
46.4836,-73.4043,2026-01-11 05:30:21
14.7844,157.7139,2026-01-11 06:39:13
-15.5498,-33.4782,2026-01-11 07:25:53
50.0911,-134.6746,2026-01-11 08:33:26
-37.7329,65.2346,2026-01-11 09:26:52
-1.3562,-91.1482,2026-01-11 10:26:56
25.7514,96.3378,2026-01-11 11:21:39
18.3838,66.1815,2026-01-11 12:51:59
-4.5577,-136.0804,2026-01-11 13:33:46
16.3227,40.9051,2026-01-11 14:24:10
-50.0784,-96.8367,2026-01-11 15:25:20
20.9606,157.5882,2026-01-11 16:31:01
-6.7682,-23.1730,2026-01-11 17:22:18
-51.1924,-116.5292,2026-01-11 18:35:48
51.5894,39.8750,2026-01-11 19:20:13
-5.0497,-69.1456,2026-01-11 20:28:39
-19.9432,117.6696,2026-01-11 21:23:21
51.1807,-14.6944,2026-01-11 22:24:45
-33.3711,-141.2955,2026-01-11 23:24:36
-45.4613,81.1630,2026-01-12 02:12:16
-3.8863,173.6626,2026-01-12 04:13:28
-37.4913,118.7335,2026-01-12 05:34:30
-32.9475,-10.9621,2026-01-12 06:45:23
35.5360,160.5431,2026-01-12 07:32:50
-38.3787,70.1822,2026-01-12 08:39:54
4.2864,-89.2226,2026-01-12 09:38:23
16.8455,94.4640,2026-01-12 10:31:53
-38.4143,-74.3087,2026-01-12 11:26:14
-38.1517,-98.3178,2026-01-12 12:59:01
46.4781,86.8985,2026-01-12 13:49:29
-37.1659,-123.3924,2026-01-12 14:31:29
49.3231,117.1577,2026-01-12 15:31:53
-11.7393,-20.9031,2026-01-12 16:33:58
-11.5566,164.1502,2026-01-12 17:28:03
45.3923,83.0453,2026-01-12 18:40:16
-48.7557,-119.4222,2026-01-12 19:24:37
-4.0581,111.4730,2026-01-12 20:31:20
31.1184,-57.3545,2026-01-12 21:27:07
-50.7950,155.8512,2026-01-12 22:23:55
40.3755,22.6892,2026-01-12 23:21:23
27.2064,-132.3418,2026-01-13 02:04:20
30.3937,-34.4823,2026-01-13 04:04:03
44.9524,-81.0855,2026-01-13 05:30:42
23.9284,153.6891,2026-01-13 06:41:50
-28.0184,-34.1257,2026-01-13 07:29:43
42.4423,-122.7704,2026-01-13 08:37:45
-17.9696,74.5686,2026-01-13 09:33:37
-14.2556,-93.4379,2026-01-13 10:30:42
39.3214,101.2662,2026-01-13 11:26:21
38.5160,76.3777,2026-01-13 12:58:54
-46.1122,-100.0030,2026-01-13 13:49:01
37.4099,51.0981,2026-01-13 14:31:19
-48.6210,-65.7385,2026-01-13 15:32:14
-3.7509,164.3996,2026-01-13 16:38:44
21.2127,-13.9723,2026-01-13 17:31:05
-48.8834,-114.0115,2026-01-13 18:37:48
47.4850,59.3453,2026-01-13 19:25:11
6.3908,-72.7330,2026-01-13 20:31:53
-32.4797,118.3685,2026-01-13 21:27:21
50.8832,-4.2815,2026-01-13 22:27:56
-32.5365,-152.0172,2026-01-13 23:24:23
-44.4862,67.0372,2026-01-14 02:11:12
-8.8992,158.3093,2026-01-14 04:11:16
-44.9504,93.0387,2026-01-14 05:30:29
-25.0616,-31.1054,2026-01-14 06:41:55
31.6796,143.9973,2026-01-14 07:30:48
-41.8849,52.4342,2026-01-14 08:37:48
14.2024,-108.2780,2026-01-14 09:34:31
17.0639,82.9076,2026-01-14 10:31:25
-38.5511,-109.4306,2026-01-14 12:58:37
43.7369,68.3074,2026-01-14 13:47:26
-37.1853,-135.0943,2026-01-14 14:30:56
49.3527,105.2896,2026-01-14 15:31:18
2.2556,-22.5425,2026-01-14 16:38:01
-23.4370,162.1552,2026-01-14 17:31:32
41.9352,78.9315,2026-01-14 18:41:27
6.5901,92.1665,2026-01-14 20:27:15
33.3546,-66.4369,2026-01-14 21:27:24
-50.5913,172.0962,2026-01-14 22:28:06
36.3251,17.2522,2026-01-14 23:22:32
32.8476,-137.8680,2026-01-15 02:05:52
22.0558,-37.9983,2026-01-15 04:06:27
42.1391,-86.6897,2026-01-15 05:31:33
24.5133,142.5084,2026-01-15 06:41:28
-31.2348,-42.3698,2026-01-15 07:30:20
41.1544,-132.0441,2026-01-15 08:37:46
-15.5738,64.7703,2026-01-15 09:33:51
-16.8639,-103.1019,2026-01-15 10:31:00
39.4574,89.7641,2026-01-15 11:25:50
36.3973,61.5217,2026-01-15 12:57:27
-43.5723,-117.9129,2026-01-15 13:47:04
36.8337,38.5365,2026-01-15 14:30:30
-48.5344,-77.1209,2026-01-15 15:31:43
-13.2896,159.6795,2026-01-15 16:41:19
40.6406,-2.6383,2026-01-15 17:37:54
-34.6141,-95.5105,2026-01-15 18:44:20
37.1641,69.2069,2026-01-15 19:29:40
8.4232,-82.9782,2026-01-15 20:31:58
-33.8991,108.3879,2026-01-15 21:27:17
50.8918,-16.0734,2026-01-15 22:27:20
-24.1952,-155.0044,2026-01-15 23:26:50
-38.8200,44.5040,2026-01-16 02:07:56
-26.9819,131.5017,2026-01-16 04:04:29
-43.4784,84.6966,2026-01-16 05:30:39
29.2456,129.5750,2026-01-16 07:29:18
-41.8841,40.7217,2026-01-16 08:37:11
17.7896,-122.8429,2026-01-16 09:32:42
16.6974,70.8977,2026-01-16 10:30:40
-38.2955,-97.9364,2026-01-16 11:25:01
-34.5159,-126.8606,2026-01-16 12:56:21
32.7289,39.1052,2026-01-16 13:42:07
-34.1991,-150.8697,2026-01-16 14:29:07
50.1204,89.6223,2026-01-16 15:29:58
-1.3254,-36.7949,2026-01-16 16:36:14
-16.2857,144.3663,2026-01-16 17:28:27
43.4079,64.2378,2026-01-16 18:40:07
-49.1416,-144.4909,2026-01-16 19:23:08
3.9300,82.3636,2026-01-16 20:27:30
34.6348,-76.5297,2026-01-16 21:27:16
-51.2016,155.0469,2026-01-16 22:26:32
26.2073,17.2460,2026-01-16 23:25:42
22.8214,-159.9432,2026-01-17 02:01:35
44.1100,-78.9292,2026-01-17 03:57:03
-51.1368,61.3421,2026-01-17 04:38:11
49.9605,-121.9055,2026-01-17 05:26:04
15.9361,123.4464,2026-01-17 06:37:53
-15.0788,-69.0176,2026-01-17 07:23:58
48.5386,-162.6110,2026-01-17 08:33:02
-35.9244,32.6563,2026-01-17 09:25:51
-3.5200,-124.7758,2026-01-17 10:25:53
20.2438,32.5760,2026-01-17 12:50:52
-6.0066,-170.2025,2026-01-17 13:32:28
21.2320,9.8247,2026-01-17 14:24:05
-51.2155,-123.2525,2026-01-17 15:25:05
20.0439,123.2149,2026-01-17 16:29:33
-3.2862,-55.8394,2026-01-17 17:21:41
-50.2096,-143.9710,2026-01-17 18:35:21
51.5853,9.4824,2026-01-17 19:19:13
-1.8037,-101.9905,2026-01-17 20:27:56
-23.3637,85.5218,2026-01-17 21:22:44
-29.5823,-172.0848,2026-01-17 23:24:13
-48.1638,107.3515,2026-01-18 02:21:29
-13.4681,131.4688,2026-01-18 04:08:28
-45.4829,68.2878,2026-01-18 05:28:55
-18.4107,-60.3828,2026-01-18 06:38:18
19.5955,108.7910,2026-01-18 07:25:12
-47.8659,14.0003,2026-01-18 08:33:13
31.7706,-147.9310,2026-01-18 09:27:02
6.6282,51.5905,2026-01-18 10:26:37
-28.9818,-121.4002,2026-01-18 11:20:40
-21.9829,-151.7449,2026-01-18 12:51:03
7.6522,5.1271,2026-01-18 13:32:43
-20.2693,-176.8359,2026-01-18 14:23:20
51.3183,52.1917,2026-01-18 15:24:54
-15.0456,-58.5765,2026-01-18 16:30:58
0.6112,120.2369,2026-01-18 17:22:07
50.5421,28.0612,2026-01-18 18:34:33
-51.3240,-170.9496,2026-01-18 19:19:48
-0.3036,73.6798,2026-01-18 20:28:11
26.5428,-97.3192,2026-01-18 21:23:32
-51.4618,139.6760,2026-01-18 22:25:12
27.2759,4.4992,2026-01-18 23:24:36
50.5627,-90.0916,2026-01-19 02:18:55
-7.6339,-39.0919,2026-01-19 04:14:59
28.4216,-91.0839,2026-01-19 05:35:42
44.3899,146.7487,2026-01-19 06:48:07
-43.8977,-46.1719,2026-01-19 07:34:18
32.0941,-142.3464,2026-01-19 08:40:06
-32.9326,-110.9668,2026-01-19 10:35:20
44.5884,76.4083,2026-01-19 11:26:52
48.0600,62.7838,2026-01-19 13:01:48
46.6624,34.6598,2026-01-19 14:33:47
-45.1674,-90.1627,2026-01-19 15:32:24
-2.7142,128.5621,2026-01-19 16:36:23
17.5232,-52.1769,2026-01-19 17:27:49
-42.1206,-130.6805,2026-01-19 18:39:42
47.4733,24.2874,2026-01-19 19:23:10
7.9902,-106.6726,2026-01-19 20:30:23
-34.4636,85.7320,2026-01-19 21:26:03
49.4521,-30.6226,2026-01-19 22:27:27
-20.6262,-175.1907,2026-01-19 23:26:37
-9.3110,122.9191,2026-01-20 04:09:04
-31.8192,79.3275,2026-01-20 05:34:06
-39.1540,-49.1370,2026-01-20 06:45:15
43.3634,126.8318,2026-01-20 07:33:38
-32.0939,31.8022,2026-01-20 08:39:45
-3.5132,-130.4913,2026-01-20 09:38:17
31.2496,61.2165,2026-01-20 10:34:18
-47.6502,-100.8655,2026-01-20 11:28:14
-49.3680,-117.7447,2026-01-20 13:02:24
-50.9819,-131.3342,2026-01-20 14:37:02
34.0760,103.1997,2026-01-20 15:36:51
20.0361,-44.1125,2026-01-20 16:41:48
-38.6563,144.8622,2026-01-20 17:35:09
20.5896,69.8438,2026-01-20 18:47:29
33.6606,32.9181,2026-01-20 20:15:37
38.0172,-95.1341,2026-01-20 21:27:05
-48.5527,147.3956,2026-01-20 22:27:47
13.9338,4.4438,2026-01-20 23:28:21
48.2721,-142.8807,2026-01-21 02:10:57
8.7411,-62.4613,2026-01-21 04:08:42
31.2803,-105.8500,2026-01-21 05:33:46
41.0678,128.3088,2026-01-21 06:45:39
-46.2810,-51.8784,2026-01-21 07:34:43
33.3647,-155.5196,2026-01-21 08:38:42
4.9697,44.7172,2026-01-21 09:38:21
-36.0201,-118.6203,2026-01-21 10:35:38
49.7953,82.1499,2026-01-21 11:29:24
48.9447,54.5765,2026-01-21 13:01:33
51.1907,44.9612,2026-01-21 14:36:53
-28.9807,-76.7443,2026-01-21 15:38:21
-49.9181,-142.0254,2026-01-21 17:01:04
-7.8659,-106.0466,2026-01-21 18:51:21
25.7925,47.5000,2026-01-21 19:31:36
33.1991,-95.6938,2026-01-21 20:38:13
-50.3097,111.6691,2026-01-21 21:33:36
42.2322,-21.5155,2026-01-21 22:30:48
-3.8052,-173.9230,2026-01-21 23:31:18
-50.2639,40.5851,2026-01-22 02:12:09
2.2002,119.5387,2026-01-22 04:11:53
-30.2933,69.4349,2026-01-22 05:33:41
-34.7469,-67.1308,2026-01-22 06:42:25
43.4219,115.3380,2026-01-22 07:32:40
-5.8988,-140.4005,2026-01-22 09:38:03
34.2679,53.2415,2026-01-22 10:34:27
-48.7936,-108.2557,2026-01-22 11:28:02
-50.2691,-124.5838,2026-01-22 13:02:14
31.0126,95.2550,2026-01-22 15:36:59
21.9143,-54.0954,2026-01-22 16:41:25
-39.2904,134.2687,2026-01-22 17:34:23
34.8730,43.3602,2026-01-22 18:41:14
-31.0399,-143.7974,2026-01-22 19:29:13
-25.2229,69.9515,2026-01-22 20:34:41
44.5005,-94.6402,2026-01-22 21:29:01
-44.7357,147.2553,2026-01-22 22:29:05
15.1339,-8.0939,2026-01-22 23:26:54
44.3995,-165.6762,2026-01-23 02:07:34
11.0904,-75.7991,2026-01-23 04:06:51
29.3116,-115.2732,2026-01-23 05:33:25
35.3543,107.8671,2026-01-23 06:42:09
-41.1722,-74.8924,2026-01-23 07:31:01
33.8002,-167.6631,2026-01-23 08:37:28
1.3419,30.5326,2026-01-23 09:36:05
-27.5987,-140.1104,2026-01-23 10:31:21
46.8649,59.2268,2026-01-23 11:26:10
47.0829,36.2943,2026-01-23 12:59:10
-51.4576,-131.1020,2026-01-23 13:50:01
45.2238,7.5182,2026-01-23 14:30:57
-40.9516,-104.5287,2026-01-23 15:32:28
-12.9926,112.8430,2026-01-23 16:37:46
28.1249,-65.7834,2026-01-23 17:29:30
-32.7771,-139.8238,2026-01-23 18:41:34
32.4752,28.7593,2026-01-23 19:28:02
19.4493,-121.0161,2026-01-23 20:32:11
-41.6760,73.6438,2026-01-23 21:27:03
50.7222,-61.3140,2026-01-23 22:24:04
-13.3838,167.4445,2026-01-23 23:27:01
-37.7028,-3.7988,2026-01-24 02:03:54
-28.3201,83.5558,2026-01-24 04:00:25
-44.0442,36.8706,2026-01-24 05:26:46
-28.1259,-86.3632,2026-01-24 06:38:48
27.3009,80.9821,2026-01-24 07:24:59
-42.3389,-6.7336,2026-01-24 08:33:20
25.4487,-176.1572,2026-01-24 09:26:24
16.2703,23.9895,2026-01-24 10:26:53
-39.9393,-141.8433,2026-01-24 11:22:03
-33.1089,-175.1802,2026-01-24 12:52:07
23.5785,-16.9866,2026-01-24 13:35:08
-32.8346,160.8876,2026-01-24 14:24:52
50.7007,39.2570,2026-01-24 15:25:36
-5.3138,-86.1867,2026-01-24 16:31:12
-9.8602,92.9043,2026-01-24 17:22:33
42.2678,20.0303,2026-01-24 18:36:55
-47.0588,176.5722,2026-01-24 19:20:51
-8.1932,44.4820,2026-01-24 20:27:43
32.6386,-125.5556,2026-01-24 21:22:44
-49.1519,121.7230,2026-01-24 22:25:05
17.7445,-21.7636,2026-01-24 23:24:51
33.2265,-84.1315,2026-01-25 02:25:02
-21.3456,-63.1558,2026-01-25 04:16:29
29.1229,-126.6495,2026-01-25 05:32:18
26.4903,85.6907,2026-01-25 06:39:42
44.0251,163.4215,2026-01-25 08:33:58
-26.5550,-3.5821,2026-01-25 09:27:41
-14.4693,-163.7516,2026-01-25 10:27:52
36.2886,26.2067,2026-01-25 11:22:14
33.1436,-1.5187,2026-01-25 12:53:57
-19.9785,153.4731,2026-01-25 13:35:39
26.9826,-31.9236,2026-01-25 14:24:38
-51.5291,-156.8774,2026-01-25 15:25:56
7.7960,85.6201,2026-01-25 16:32:17
3.3803,-98.2395,2026-01-25 17:22:32
-46.4202,-176.1883,2026-01-25 18:36:56
49.1260,-17.4153,2026-01-25 19:21:28
9.1148,-141.3413,2026-01-25 20:30:20
-31.3327,46.4334,2026-01-25 21:24:29
50.5617,-72.4379,2026-01-25 22:25:58
-21.4808,148.5377,2026-01-25 23:26:03
-41.8589,76.2465,2026-01-26 02:24:04
21.0561,109.9918,2026-01-26 04:19:06
-26.5484,49.3589,2026-01-26 05:36:04
-41.9532,-79.8284,2026-01-26 06:46:34
41.8003,88.0697,2026-01-26 07:32:58
-31.6436,-3.3106,2026-01-26 08:40:05
-7.5627,-163.2273,2026-01-26 09:39:49
27.7196,21.7571,2026-01-26 10:33:15
-43.5398,-147.4577,2026-01-26 11:26:11
-45.8138,-165.6295,2026-01-26 13:00:21
-47.9657,177.3137,2026-01-26 14:34:39
39.2042,60.1590,2026-01-26 15:35:14
15.2435,-83.7568,2026-01-26 16:40:43
-36.4031,105.7758,2026-01-26 17:34:48
31.7384,23.0744,2026-01-26 18:44:08
-37.5833,-176.4027,2026-01-26 19:28:24
-17.3990,38.9297,2026-01-26 20:33:46
42.5806,-122.9865,2026-01-26 21:29:53
-48.6363,111.2558,2026-01-26 22:28:33
16.6779,-33.5296,2026-01-26 23:28:18
48.9261,-128.9554,2026-01-27 02:20:38
5.5390,-96.0094,2026-01-27 04:10:53
35.9560,-147.5804,2026-01-27 05:33:07
34.8849,82.9436,2026-01-27 06:44:17
-40.9423,-99.6239,2026-01-27 07:33:17
33.8955,167.8902,2026-01-27 08:39:50
2.1526,6.7666,2026-01-27 09:38:50
-29.5118,-162.4644,2026-01-27 10:34:35
46.0694,32.5779,2026-01-27 11:28:15
48.0438,15.1097,2026-01-27 13:02:26
49.2454,-3.7084,2026-01-27 14:36:18
-40.0343,-127.3479,2026-01-27 15:35:41
-4.2623,82.0018,2026-01-27 16:37:42
30.5975,-87.5719,2026-01-27 17:33:17
-21.0258,-152.4223,2026-01-27 18:48:47
31.4880,5.4485,2026-01-27 19:31:24
12.5100,-151.0239,2026-01-27 20:32:53
-26.4341,29.0342,2026-01-27 21:24:06
50.4269,-83.7391,2026-01-27 22:27:33
-19.0094,138.4327,2026-01-27 23:28:19
-44.5354,-15.7059,2026-01-28 02:10:25
-13.7571,71.7776,2026-01-28 04:08:56
-35.8129,26.4862,2026-01-28 05:33:59
-35.2247,-102.7050,2026-01-28 06:45:05
36.8535,67.7291,2026-01-28 07:32:14
-34.9764,-19.6310,2026-01-28 08:40:12
-2.0965,-179.3541,2026-01-28 09:39:24
28.6967,10.5562,2026-01-28 10:35:01
-44.7083,-157.0112,2026-01-28 11:28:11
-47.1248,-174.0614,2026-01-28 13:02:32
-48.7410,168.0301,2026-01-28 14:36:36
33.4461,56.0600,2026-01-28 15:38:58
25.9530,-86.6913,2026-01-28 16:45:48
-37.3331,94.9034,2026-01-28 17:36:34
34.5771,7.3897,2026-01-28 18:44:25
-25.9086,-174.8032,2026-01-28 19:34:14
-26.7460,35.0512,2026-01-28 20:38:24
49.0976,-116.7538,2026-01-28 21:35:07
-43.6592,113.3080,2026-01-28 22:32:55
11.6109,-41.8059,2026-01-28 23:31:24
26.1306,-101.2795,2026-01-29 02:32:18
-47.3592,9.1208,2026-01-29 04:42:37
-9.3152,-121.2086,2026-01-29 05:50:06
51.5653,121.2117,2026-01-29 06:56:14
-51.2148,-58.1899,2026-01-29 07:44:50
10.4000,177.3851,2026-01-29 08:49:28
34.1879,22.6000,2026-01-29 09:51:16
-45.5691,-149.1526,2026-01-29 10:42:52
51.6097,52.8214,2026-01-29 11:35:29
51.4378,12.4269,2026-01-29 14:42:31
-30.6800,-126.8123,2026-01-29 15:40:47
-39.2314,103.5423,2026-01-29 16:51:34
45.0428,-76.7718,2026-01-29 17:40:49
-4.0571,-151.5590,2026-01-29 18:55:49
27.3018,-2.2497,2026-01-29 19:34:17
22.0106,-155.4867,2026-01-29 20:37:28
-45.3387,44.9223,2026-01-29 21:33:21
43.3821,-72.1664,2026-01-29 22:33:38
-13.4624,130.6657,2026-01-29 23:31:32
-27.7759,70.9570,2026-01-30 02:32:28
45.2244,-170.9044,2026-01-30 04:44:27
13.5725,55.8763,2026-01-30 05:52:15
-51.5985,-60.0174,2026-01-30 06:57:44
50.0063,124.8862,2026-01-30 07:47:01
-14.4132,-11.7824,2026-01-30 08:48:53
-17.1404,179.6588,2026-01-30 09:45:45
40.2904,13.6915,2026-01-30 10:40:55
-50.6482,-146.9023,2026-01-30 11:33:51
-51.2228,-165.3415,2026-01-30 13:07:41
-50.5700,165.3002,2026-01-30 14:39:38
28.6577,-96.1536,2026-01-30 16:48:06
-37.2177,82.5458,2026-01-30 17:37:50
15.3040,14.0270,2026-01-30 18:52:37
-23.6523,175.1365,2026-01-30 19:36:20
-18.9801,15.8375,2026-01-30 20:37:00
44.8849,-142.2984,2026-01-30 21:33:45
-47.5630,90.7458,2026-01-30 22:32:00
15.9202,-57.3161,2026-01-30 23:31:15
40.0294,-130.9395,2026-01-31 02:28:12
-51.5956,-34.2684,2026-01-31 04:38:22
18.8068,-154.1337,2026-01-31 05:42:02
39.1326,64.7166,2026-01-31 06:48:41
-35.9939,-131.7557,2026-01-31 07:33:49
45.9941,121.9457,2026-01-31 08:37:01
-20.6494,-34.7657,2026-01-31 09:33:52
-10.3886,156.5467,2026-01-31 10:30:35
34.1209,-13.2888,2026-01-31 11:25:29
36.7845,-33.3203,2026-01-31 12:59:29
-41.5013,142.5383,2026-01-31 13:47:58
28.8214,-66.6429,2026-01-31 14:29:22
-51.5549,165.8142,2026-01-31 15:29:53
7.7451,49.0593,2026-01-31 16:36:22
6.5892,-132.5410,2026-01-31 17:27:40
-48.2952,141.1331,2026-01-31 18:39:46
49.5575,-56.0049,2026-01-31 19:25:10
1.9478,176.9042,2026-01-31 20:32:01
-29.2997,7.5958,2026-01-31 21:27:45
51.3259,-116.1256,2026-01-31 22:28:48
-26.3435,107.4495,2026-01-31 23:28:22
29.6887,105.3358,2026-02-01 02:53:14
-9.8378,-127.2823,2026-02-01 05:05:43
-51.2555,-82.6559,2026-02-01 06:57:14
48.7592,70.0250,2026-02-01 07:40:56
-43.3132,-57.7402,2026-02-01 08:39:09
13.7747,144.7546,2026-02-01 09:36:43
13.2379,-27.4134,2026-02-01 10:32:14
-35.8155,162.8685,2026-02-01 11:26:44
-41.3003,147.8918,2026-02-01 13:02:01
-33.7528,112.9365,2026-02-01 14:31:48
51.4315,-17.5418,2026-02-01 15:30:54
-8.5849,-137.6651,2026-02-01 16:36:48
-10.0618,43.9369,2026-02-01 17:29:20
44.8318,-34.6783,2026-02-01 18:42:25
-44.1224,135.1549,2026-02-01 19:29:20
-4.8009,-7.1221,2026-02-01 20:33:28
29.9597,-177.7886,2026-02-01 21:28:39
-50.0625,68.0037,2026-02-01 22:31:14
19.5458,-72.4482,2026-02-01 23:31:15
2.3533,-106.6759,2026-02-02 02:42:53
-3.9826,36.7096,2026-02-02 05:01:52
8.6955,154.2903,2026-02-02 08:52:33
43.4520,13.3102,2026-02-02 09:57:47
-48.1802,-112.5191,2026-02-02 10:56:21
50.9124,41.4135,2026-02-02 11:40:10
51.2583,14.2821,2026-02-02 13:12:30
48.7300,6.3427,2026-02-02 14:48:14
-35.7210,-157.3586,2026-02-02 15:41:20
-27.7111,64.6313,2026-02-02 16:49:32
44.7556,-101.8159,2026-02-02 17:43:09
-12.7146,106.8961,2026-02-02 23:34:15
-15.3558,57.6173,2026-02-03 02:39:15
36.2281,-178.7838,2026-02-03 04:51:01
14.0758,31.9274,2026-02-03 05:54:53
-51.6012,-87.5303,2026-02-03 06:59:39
49.1464,104.7896,2026-02-03 07:50:15
-27.2621,-47.3321,2026-02-03 08:46:52
-25.4363,162.5881,2026-02-03 09:51:04
50.0241,16.6142,2026-02-03 10:49:05
-51.6033,-158.2205,2026-02-03 11:38:30
-51.0102,-169.1724,2026-02-03 13:13:34
-45.6442,-169.8553,2026-02-03 14:50:52
-2.9492,50.2588,2026-02-03 15:55:12
49.2552,-81.7095,2026-02-03 17:00:09
-37.8672,158.0683,2026-02-03 18:00:26
7.9008,174.7456,2026-02-03 19:49:17
-32.6268,4.9340,2026-02-03 20:44:17
50.7286,-144.1329,2026-02-03 21:40:28
-45.3391,72.8443,2026-02-03 22:35:43
15.6480,-81.4229,2026-02-03 23:33:44
32.9745,-145.2034,2026-02-04 02:33:27
-8.9343,-157.9864,2026-02-04 05:53:38
51.6092,87.2615,2026-02-04 07:00:19
13.9386,138.2084,2026-02-04 08:51:56
30.1796,-18.6389,2026-02-04 09:53:25
-46.0531,175.6479,2026-02-04 10:46:46
50.9619,5.2351,2026-02-04 11:37:15
51.5760,-3.8057,2026-02-04 13:12:38
51.2700,-21.6217,2026-02-04 14:46:33
-12.7681,-147.2000,2026-02-04 15:50:40
-43.1380,74.2288,2026-02-04 16:56:58
50.9236,-65.3005,2026-02-04 17:53:02
-7.2244,169.6762,2026-02-04 18:58:23
12.9496,-26.3521,2026-02-04 19:42:50
21.0372,167.1738,2026-02-04 20:40:44
-48.5793,18.5263,2026-02-04 21:38:59
47.1420,-118.2741,2026-02-04 22:35:09
-17.6179,90.9007,2026-02-04 23:33:43
-29.8273,32.3172,2026-02-05 02:35:17
34.8372,170.9558,2026-02-05 04:52:41
24.1520,28.2642,2026-02-05 05:59:26
-34.1449,-43.6009,2026-02-05 07:12:28
-12.1825,-46.5435,2026-02-05 08:53:11
-27.9622,152.9571,2026-02-05 09:53:04
49.0852,-0.1338,2026-02-05 10:49:21
-51.5943,-170.9700,2026-02-05 11:39:29
-51.0348,178.4642,2026-02-05 13:14:37
-48.3983,169.4157,2026-02-05 14:50:12
23.2227,18.1395,2026-02-05 15:47:31
42.6182,-112.9129,2026-02-05 16:57:17
-49.5156,117.4278,2026-02-05 17:55:10
13.0489,-20.6822,2026-02-05 18:56:52
-21.9467,140.2145,2026-02-05 19:40:25
-17.2096,-22.0688,2026-02-05 20:39:51
43.3760,177.8092,2026-02-05 21:36:27
-49.3410,47.4025,2026-02-05 22:34:08
31.1455,-107.9495,2026-02-05 23:29:20
30.0910,-154.0051,2026-02-06 02:35:37
-39.2906,-21.6079,2026-02-06 04:51:28
-16.7417,-164.1465,2026-02-06 05:57:19
47.9723,103.0150,2026-02-06 07:06:16
16.9399,123.7169,2026-02-06 08:51:58
22.4995,-38.3445,2026-02-06 09:51:43
-46.2103,163.9584,2026-02-06 10:47:54
50.8505,-7.8508,2026-02-06 11:38:09
51.4571,-24.4867,2026-02-06 13:12:16
50.9509,-54.2240,2026-02-06 14:44:10
-24.7291,-169.3390,2026-02-06 15:47:36
-34.2737,47.8240,2026-02-06 16:54:10
46.4904,-121.5291,2026-02-06 17:46:18
-8.6838,156.4900,2026-02-06 18:58:56
18.9029,-43.2077,2026-02-06 19:41:51
14.8551,149.9774,2026-02-06 20:39:40
-42.5026,-10.0414,2026-02-06 21:36:30
51.5583,-157.0070,2026-02-06 22:31:25
-24.6391,72.6652,2026-02-06 23:32:19
-42.3069,2.3749,2026-02-07 02:31:11
51.4409,99.0541,2026-02-07 04:41:34
-14.7498,-13.3973,2026-02-07 05:47:27
-36.5894,-161.6086,2026-02-07 06:51:30
31.0470,-0.4270,2026-02-07 07:35:53
-48.9582,-110.4699,2026-02-07 08:39:02
23.0631,100.6389,2026-02-07 09:36:50
4.2124,-70.4564,2026-02-07 10:32:32
-29.0519,118.3658,2026-02-07 11:27:24
-31.1013,96.9973,2026-02-07 13:01:06
-24.3914,66.5016,2026-02-07 14:31:35
50.9644,-71.9643,2026-02-07 15:31:09
-15.1573,-179.0316,2026-02-07 16:37:51
-5.5241,4.2356,2026-02-07 17:31:04
49.2055,-85.0384,2026-02-07 18:42:51
-48.9050,84.4402,2026-02-07 19:29:36
2.1663,-48.4613,2026-02-07 20:34:24
31.7385,147.8212,2026-02-07 21:32:33
-51.5386,17.5123,2026-02-07 22:32:00
15.0791,-105.2115,2026-02-07 23:35:58
-48.8400,-33.3686,2026-02-08 03:14:19
48.9906,63.9512,2026-02-08 05:25:29
47.8702,36.0388,2026-02-08 06:57:36
-46.4398,-160.2627,2026-02-08 07:43:08
48.9766,63.4140,2026-02-08 08:39:26
-25.2988,-87.5152,2026-02-08 09:36:37
-6.2756,105.0018,2026-02-08 10:33:34
29.4085,-67.3234,2026-02-08 11:28:05
32.4335,-87.5227,2026-02-08 13:02:09
28.5643,-115.4491,2026-02-08 14:33:38
-50.9742,102.0792,2026-02-08 15:31:37
16.1340,-5.8210,2026-02-08 16:37:53
6.3246,178.7376,2026-02-08 17:31:54
-46.7551,97.7141,2026-02-08 18:45:05
48.5555,-100.1828,2026-02-08 19:30:17
-4.0132,124.1478,2026-02-08 20:34:22
-31.6547,-38.3036,2026-02-08 21:32:54
51.2804,-164.0604,2026-02-08 22:33:12
-13.2332,70.1430,2026-02-08 23:37:10
-11.6812,24.0892,2026-02-09 02:43:33
3.3238,174.7813,2026-02-09 05:05:36
-39.7563,-75.9490,2026-02-09 07:12:04
4.1629,-58.9699,2026-02-09 09:00:31
49.1345,21.2630,2026-02-09 10:59:10
-34.6048,-139.2470,2026-02-09 11:53:00
-44.7192,179.7432,2026-02-09 13:21:25
-19.9982,26.8917,2026-02-09 16:03:54
-51.5936,70.3388,2026-02-09 17:53:07
-50.5580,33.7130,2026-02-09 19:23:49
-37.2241,-25.3288,2026-02-09 20:49:04
51.2761,-175.2378,2026-02-09 21:44:20
-37.5463,51.3711,2026-02-09 22:42:20
-2.6058,-104.3974,2026-02-09 23:42:44
-13.9677,-143.2888,2026-02-10 02:52:22
4.4274,-5.7830,2026-02-10 05:08:42
38.8308,99.5355,2026-02-10 07:12:50
-9.3120,118.7447,2026-02-10 09:02:32
-50.2462,-170.4767,2026-02-10 10:58:35
28.5030,41.8071,2026-02-10 11:55:39
-4.3037,44.2736,2026-02-10 13:39:40
21.0562,1.6296,2026-02-10 15:04:09
-51.3229,85.9494,2026-02-10 17:08:44
27.9976,161.0358,2026-02-10 19:13:06
41.8398,156.2838,2026-02-10 20:51:34
-49.4490,28.4732,2026-02-10 21:49:52
22.2093,-117.4574,2026-02-10 22:48:24
0.2178,67.8429,2026-02-10 23:42:29
4.5908,23.7211,2026-02-11 02:49:47
0.9623,164.3829,2026-02-11 05:07:14
-46.4648,-102.4374,2026-02-11 07:09:34
-10.5752,-81.6191,2026-02-11 08:56:29
-41.0594,134.1211,2026-02-11 10:01:04
-44.7780,-168.8541,2026-02-11 11:49:18
-43.5692,170.2909,2026-02-11 13:22:51
-35.8342,159.8144,2026-02-11 14:59:13
-37.7964,34.2937,2026-02-11 16:11:21
-45.9237,93.7668,2026-02-11 18:00:23
15.5681,132.1333,2026-02-11 19:55:39
-32.1670,-44.0081,2026-02-11 20:47:54
47.9026,153.6888,2026-02-11 21:41:46
-50.7339,3.0655,2026-02-11 22:35:23
12.9439,-127.7170,2026-02-11 23:38:24
10.0785,-172.7928,2026-02-12 02:45:14
-16.4482,-33.1322,2026-02-12 05:02:36
48.5849,64.4765,2026-02-12 07:08:31
13.9307,89.8362,2026-02-12 08:55:39
33.1151,-63.6181,2026-02-12 09:58:14
-50.8313,173.3740,2026-02-12 10:58:40
45.2430,3.9827,2026-02-12 11:49:24
47.0823,-24.7593,2026-02-12 13:21:15
48.2668,-52.3813,2026-02-12 14:53:23
-0.4142,173.4091,2026-02-12 15:58:25
-50.9384,78.0104,2026-02-12 17:10:13
17.5378,139.4912,2026-02-12 19:10:15
10.6140,110.5058,2026-02-12 20:40:51
-43.2082,-44.8282,2026-02-12 21:39:26
49.2773,-174.5888,2026-02-12 22:37:15
-23.3025,37.6674,2026-02-12 23:35:22
-8.9137,2.0106,2026-02-13 02:46:06
31.2804,126.9525,2026-02-13 04:57:38
32.9393,-10.8211,2026-02-13 06:06:14
51.0900,32.2488,2026-02-13 07:52:47
-25.9446,-106.5023,2026-02-13 08:52:00
-18.2394,95.7546,2026-02-13 09:53:11
39.9429,-71.7103,2026-02-13 10:47:52
-43.1355,102.4887,2026-02-13 11:35:44
-49.8609,99.8333,2026-02-13 13:12:56
-51.1678,85.6406,2026-02-13 14:47:31
26.5081,-33.2945,2026-02-13 15:49:52
30.0242,-179.4794,2026-02-13 16:55:37
-32.9941,-7.8406,2026-02-13 17:43:07
19.0374,-73.7763,2026-02-13 18:58:20
-9.6533,101.7072,2026-02-13 19:48:03
-25.3379,-63.2753,2026-02-13 20:46:08
46.2064,136.3634,2026-02-13 21:41:27
-45.8655,11.0264,2026-02-13 22:39:57
21.3032,-146.5522,2026-02-13 23:36:20
45.1271,133.9097,2026-02-14 02:32:38
-51.5996,-118.6987,2026-02-14 04:45:15
14.8414,124.3079,2026-02-14 05:50:14
35.7390,-25.0560,2026-02-14 06:54:09
-28.0403,134.1028,2026-02-14 07:37:36
51.2257,12.9395,2026-02-14 08:39:22
-30.3498,-128.8908,2026-02-14 09:37:12
3.1355,62.1086,2026-02-14 10:32:54
20.2641,-112.2134,2026-02-14 11:27:16
23.2055,-133.2387,2026-02-14 13:01:13
20.0162,-159.6533,2026-02-14 14:33:02
-47.7150,49.4389,2026-02-14 15:31:00
25.5448,-50.1883,2026-02-14 16:37:02
-6.2741,133.5687,2026-02-14 17:30:08
-51.5510,33.9691,2026-02-14 18:42:27
51.5586,-158.0749,2026-02-14 19:28:53
-14.1523,80.4843,2026-02-14 20:33:22
-16.7775,-88.5617,2026-02-14 21:29:59
48.7158,126.8539,2026-02-14 22:29:55
-38.1785,8.4741,2026-02-14 23:30:27
-9.8147,-10.6953,2026-02-15 02:46:31
31.1742,115.0308,2026-02-15 04:58:23
20.3426,-35.5147,2026-02-15 06:02:24
34.8416,-44.0810,2026-02-15 07:40:36
-51.1957,-172.7223,2026-02-15 08:39:46
28.0761,47.5407,2026-02-15 09:38:19
-4.6515,-125.0184,2026-02-15 10:32:51
-19.8589,61.4525,2026-02-15 11:27:22
-27.9841,45.3781,2026-02-15 13:03:10
-19.8600,14.2274,2026-02-15 14:33:13
47.6648,-136.7605,2026-02-15 15:31:21
-24.2476,125.0029,2026-02-15 16:37:55
4.7607,-51.3285,2026-02-15 17:30:52
50.7406,-142.0321,2026-02-15 18:44:29
-50.7594,26.0144,2026-02-15 19:30:56
12.5731,-104.2926,2026-02-15 20:34:07
17.2906,85.8089,2026-02-15 21:30:36
-49.7408,-54.5161,2026-02-15 22:31:04
32.8494,-170.2982,2026-02-15 23:32:51
23.6693,152.0710,2026-02-16 02:42:02
-15.2376,-56.2523,2026-02-16 05:04:25
45.3305,50.5271,2026-02-16 07:11:58
15.6999,64.3754,2026-02-16 08:56:28
41.3780,-75.4214,2026-02-16 10:03:04
51.2187,-64.6200,2026-02-16 11:42:49
51.4500,-84.9482,2026-02-16 13:16:17
51.1817,-112.2687,2026-02-16 14:48:35
-36.5792,116.8722,2026-02-16 15:47:08
-20.8524,-26.3556,2026-02-16 16:53:15
26.0744,146.5907,2026-02-16 17:41:40
-36.7144,69.4535,2026-02-16 18:52:56
44.6655,-136.7449,2026-02-16 19:35:43
-1.8190,77.5001,2026-02-16 20:38:07
-28.6656,-89.7987,2026-02-16 21:34:48
51.6120,139.2475,2026-02-16 22:34:49
-28.0775,8.9873,2026-02-16 23:35:01
-34.1008,-45.1019,2026-02-17 02:38:35
36.0270,96.9457,2026-02-17 04:57:09
20.2879,-47.5819,2026-02-17 06:03:01
51.5728,0.5171,2026-02-17 07:52:50
-22.2608,-127.1413,2026-02-17 08:54:37
-22.3554,75.2159,2026-02-17 09:55:56
49.7239,-69.5309,2026-02-17 10:54:47
-51.0683,107.7763,2026-02-17 11:42:48
-51.4535,89.1121,2026-02-17 13:16:34
-50.7324,85.0486,2026-02-17 14:52:48
6.7878,-41.1911,2026-02-17 15:57:53
51.0357,-155.1945,2026-02-17 17:08:01
4.6781,-86.9002,2026-02-17 19:04:25
-16.8499,-94.7276,2026-02-17 20:44:29
42.3360,103.3006,2026-02-17 21:40:44
-50.8065,-33.5934,2026-02-17 22:37:19
27.6837,-176.5927,2026-02-17 23:35:22
26.1343,137.7260,2026-02-18 02:41:46
-34.5861,-87.1469,2026-02-18 04:58:04
-33.9353,140.3678,2026-02-18 06:08:09
-51.4105,178.2072,2026-02-18 07:53:43
24.5178,44.8192,2026-02-18 08:54:01
21.0694,-111.9449,2026-02-18 09:55:52
-48.8435,100.4514,2026-02-18 10:54:16
51.6102,-91.7071,2026-02-18 13:17:45
51.3722,-107.4582,2026-02-18 14:51:59
-8.6443,131.4311,2026-02-18 15:57:39
-49.0422,53.0223,2026-02-18 17:14:10
-9.8101,83.3478,2026-02-18 19:03:06
25.6112,86.9091,2026-02-18 20:47:54
-40.4264,-86.2143,2026-02-18 21:40:03
49.8710,146.4236,2026-02-18 22:38:39
-28.6248,-3.5840,2026-02-18 23:35:22
-28.4864,-50.6650,2026-02-19 02:41:16
37.0889,83.4408,2026-02-19 04:57:16
26.8734,-53.5313,2026-02-19 06:05:53
51.6110,-14.9509,2026-02-19 07:52:49
-27.8933,-144.5029,2026-02-19 08:53:10
-19.6867,60.9014,2026-02-19 09:55:33
45.9365,-95.1417,2026-02-19 10:52:41
-49.8966,87.5780,2026-02-19 11:41:54
-51.3718,90.1676,2026-02-19 13:19:18
-50.5084,74.6701,2026-02-19 14:53:38
16.7610,-60.7374,2026-02-19 15:55:06
37.7785,154.3330,2026-02-19 17:00:29
24.4358,-114.5855,2026-02-19 18:58:17
-30.0313,47.9451,2026-02-19 19:42:48
4.9537,-122.8143,2026-02-19 20:38:13
34.8220,79.2478,2026-02-19 21:38:30
-51.2469,-49.9589,2026-02-19 22:37:35
30.1946,168.6294,2026-02-19 23:35:28
44.2902,99.7406,2026-02-20 02:35:26
-50.1171,-135.5384,2026-02-20 04:50:56
0.3863,98.7135,2026-02-20 05:57:26
51.2896,-0.4034,2026-02-20 07:08:44
38.1303,16.6971,2026-02-20 08:50:04
-0.9178,-140.7377,2026-02-20 09:49:44
-18.4797,41.9156,2026-02-20 10:42:34
38.6622,-127.8372,2026-02-20 11:36:37
41.7177,-146.2007,2026-02-20 13:10:55
42.3251,-168.6562,2026-02-20 14:44:11
-50.3034,57.9962,2026-02-20 15:41:24
-3.7445,-63.7026,2026-02-20 16:49:28
20.1707,117.0109,2026-02-20 17:41:33
-32.5097,50.7038,2026-02-20 18:56:34
40.5984,-152.6934,2026-02-20 19:39:41
-5.1993,50.8644,2026-02-20 20:39:00
-11.9840,-128.5499,2026-02-20 21:31:03
48.8150,90.9903,2026-02-20 22:32:41
-35.5786,-24.0514,2026-02-20 23:34:13
-51.6124,-124.1008,2026-02-21 02:29:12
42.0863,-21.7077,2026-02-21 04:40:38
-32.7499,-114.9266,2026-02-21 05:47:08
-19.9181,96.0474,2026-02-21 06:51:27
-50.1335,123.8460,2026-02-21 08:38:00
41.3140,-6.5641,2026-02-21 09:35:55
-14.6186,-168.7121,2026-02-21 10:32:25
-10.6027,17.8315,2026-02-21 11:27:09
-10.6460,-5.7567,2026-02-21 13:00:08
20.6045,170.3168,2026-02-21 13:50:04
-6.2738,-32.5749,2026-02-21 14:31:37
41.6753,172.1653,2026-02-21 15:31:06
-37.3966,73.5633,2026-02-21 16:35:56
14.9160,-95.2140,2026-02-21 17:30:31
50.7817,154.6621,2026-02-21 18:42:59
-50.9330,-35.8796,2026-02-21 19:29:38
28.7751,-154.8370,2026-02-21 20:31:36
3.7025,39.2672,2026-02-21 21:29:09
-43.6915,-110.0170,2026-02-21 22:30:17
46.2831,129.6833,2026-02-21 23:29:56
32.8439,106.0996,2026-02-22 02:41:52
-49.2120,-143.1956,2026-02-22 04:53:16
10.9113,78.8820,2026-02-22 05:55:28
32.4997,-77.6081,2026-02-22 06:56:48
-24.1344,81.8598,2026-02-22 07:40:08
50.6117,-59.1968,2026-02-22 08:39:19
-40.4587,168.8465,2026-02-22 09:37:04
19.2227,1.4820,2026-02-22 10:31:30
8.0118,-170.2127,2026-02-22 11:27:07
14.3100,170.8900,2026-02-22 13:02:10
4.9009,140.3016,2026-02-22 14:31:59
-40.5370,-15.9957,2026-02-22 15:31:14
34.8150,-108.9595,2026-02-22 16:37:40
-50.5231,-33.3360,2026-02-22 18:43:20
50.7293,136.3356,2026-02-22 19:30:07
-25.4324,22.3903,2026-02-22 20:33:35
-4.1458,-146.5024,2026-02-22 21:29:55
43.0103,62.4039,2026-02-22 22:30:44
-44.3283,-51.4584,2026-02-22 23:31:45
-33.4024,-80.7030,2026-02-23 02:42:25
30.5587,67.2124,2026-02-23 05:02:53
-25.6334,-166.7598,2026-02-23 08:57:05
-34.8068,51.9477,2026-02-23 10:04:12
-46.3164,49.6051,2026-02-23 11:42:28
-49.8711,39.3092,2026-02-23 13:18:01
-51.5190,30.3424,2026-02-23 14:53:30
33.5251,-101.6095,2026-02-23 15:52:23
40.0997,133.5070,2026-02-23 17:04:45
-4.7653,-116.7323,2026-02-23 19:11:23
-26.0105,-123.2292,2026-02-23 20:51:33
51.6117,108.7329,2026-02-23 21:52:34
-38.2035,-34.3406,2026-02-23 22:48:48
32.0352,142.0916,2026-02-23 23:37:41
42.7789,78.5677,2026-02-24 02:39:05
-46.6743,-146.3234,2026-02-24 04:56:26
-12.3504,83.4955,2026-02-24 06:04:32
-50.2641,118.1206,2026-02-24 07:53:46
28.7590,4.0121,2026-02-24 08:56:35
21.7358,-147.9650,2026-02-24 10:00:11
47.1049,-134.1735,2026-02-24 11:43:42
50.3688,-143.9037,2026-02-24 13:19:14
51.3909,-144.3745,2026-02-24 14:56:06
3.9781,103.8221,2026-02-24 16:06:00
51.3772,154.3633,2026-02-24 17:59:39
14.6463,64.4732,2026-02-24 19:15:26
-4.1859,27.1670,2026-02-24 20:42:08
-32.3397,-134.3638,2026-02-24 21:41:01
51.5015,85.7347,2026-02-24 22:38:52
-33.7609,-46.1069,2026-02-24 23:37:44
-42.1078,-106.1983,2026-02-25 02:40:05
45.7625,30.1306,2026-02-25 04:57:37
18.5871,-97.6965,2026-02-25 06:07:23
50.9710,-62.8096,2026-02-25 07:55:23
-27.7352,178.9651,2026-02-25 08:57:40
-28.4156,32.3315,2026-02-25 10:03:07
-44.1011,31.8278,2026-02-25 11:42:35
-49.1308,23.5462,2026-02-25 13:18:40
-51.5882,24.8975,2026-02-25 14:55:57
-18.7296,-71.0771,2026-02-25 16:11:29
-51.2488,-15.7640,2026-02-25 18:02:57
-20.7468,20.1589,2026-02-25 19:50:45
7.9331,-161.6034,2026-02-25 20:41:28
25.5448,32.2989,2026-02-25 21:39:15
-51.4444,-101.4752,2026-02-25 22:39:16
44.1069,110.7629,2026-02-25 23:33:50
50.6200,40.0227,2026-02-26 02:35:08
-50.3400,-173.5151,2026-02-26 04:54:52
-0.2552,62.5391,2026-02-26 06:01:50
-48.2731,96.6672,2026-02-26 07:53:20
33.1071,-13.0920,2026-02-26 08:56:15
12.4615,-167.6760,2026-02-26 09:58:19
-45.9049,41.9976,2026-02-26 10:57:44
50.7971,-129.4227,2026-02-26 11:48:07
48.7996,-163.9597,2026-02-26 13:19:06
49.7970,177.0072,2026-02-26 14:52:53
-23.2561,70.9001,2026-02-26 15:58:08
-47.0309,-49.2322,2026-02-26 17:10:10
-34.9842,11.0016,2026-02-26 18:59:41
25.0303,-169.7797,2026-02-26 19:49:49
-1.0625,17.2099,2026-02-26 20:44:26
-18.6572,-159.8885,2026-02-26 21:37:23
51.2278,69.3490,2026-02-26 22:39:25
-41.4435,-69.8741,2026-02-26 23:35:46
-51.4950,-155.5548,2026-02-27 02:34:06
50.0277,-34.3101,2026-02-27 04:49:36
-18.9011,-137.8819,2026-02-27 05:56:08
-42.4723,87.0522,2026-02-27 07:04:11
-46.9642,135.4949,2026-02-27 08:50:31
12.8178,-12.0780,2026-02-27 09:50:29
10.4776,172.9434,2026-02-27 10:44:44
-26.9678,-4.9343,2026-02-27 11:36:47
-30.5143,-24.8197,2026-02-27 13:11:01
-30.1247,-48.8664,2026-02-27 14:43:48
51.0196,167.3732,2026-02-27 15:41:24
-13.9708,60.7401,2026-02-27 16:48:23
-1.1834,-120.0205,2026-02-27 17:39:48
48.8238,155.4303,2026-02-27 18:53:22
-51.3151,-52.3855,2026-02-27 19:36:58
31.8469,165.1951,2026-02-27 20:34:24
7.9360,5.7493,2026-02-27 21:34:28
-33.4792,-163.0490,2026-02-27 22:29:47
50.9790,72.2084,2026-02-27 23:29:58
37.4601,-36.7421,2026-02-28 02:23:49
33.2602,45.4153,2026-02-28 04:18:34
49.6334,-54.2800,2026-02-28 05:36:17
-5.3432,-145.4326,2026-02-28 06:47:44
11.7363,18.0919,2026-02-28 07:32:00
39.2332,-128.4703,2026-02-28 08:36:20
-51.5846,84.5913,2026-02-28 09:31:40
35.4841,-51.9140,2026-02-28 10:29:27
-10.0510,140.2882,2026-02-28 11:24:59
-13.5206,114.0557,2026-02-28 12:56:46
20.6450,-83.5078,2026-02-28 13:40:46
-19.0374,86.0310,2026-02-28 14:27:50
-23.0964,-73.7311,2026-02-28 15:28:20
50.1896,178.1117,2026-02-28 16:33:18
-41.6933,11.9769,2026-02-28 17:25:03
-38.7905,-102.6745,2026-02-28 18:40:10
35.1361,60.2127,2026-02-28 19:25:13
-38.9216,-30.4603,2026-02-28 20:32:11
16.5347,161.8120,2026-02-28 21:26:52
28.0463,4.7376,2026-02-28 22:28:25
-51.5847,-127.9627,2026-02-28 23:28:08
-26.2502,-109.4006,2026-03-01 02:48:50
48.2471,-1.9113,2026-03-01 04:58:28
-26.3616,53.1705,2026-03-01 06:58:53
8.2896,-153.5805,2026-03-01 07:39:16
-42.3508,51.0441,2026-03-01 08:38:13
50.1396,-81.3863,2026-03-01 09:35:42
-32.4297,125.8687,2026-03-01 10:31:15
8.4815,-44.6111,2026-03-01 11:26:01
4.8418,-65.5973,2026-03-01 13:00:09
17.0054,-98.3592,2026-03-01 14:29:02
23.4297,100.4780,2026-03-01 15:29:06
-47.7774,2.6311,2026-03-01 16:35:50
38.0833,-167.9861,2026-03-01 17:27:11
40.3339,73.7867,2026-03-01 18:41:28
-39.7476,-118.9984,2026-03-01 19:27:36
36.4933,147.1104,2026-03-01 20:33:43
-11.1627,-20.1232,2026-03-01 21:29:17
-31.2217,-177.8735,2026-03-01 22:30:03
51.5979,50.1839,2026-03-01 23:29:26
50.8379,14.0463,2026-03-02 02:37:11
-51.0321,134.6121,2026-03-02 04:52:30
22.4516,20.8549,2026-03-02 05:56:33
49.4931,-90.7225,2026-03-02 07:10:12
45.0638,-57.5152,2026-03-02 08:53:19
1.8870,160.3310,2026-03-02 09:57:06
-32.7163,-5.0615,2026-03-02 10:54:08
15.4459,146.7168,2026-03-02 11:34:33
26.9771,133.2211,2026-03-02 13:11:30
39.6078,125.5355,2026-03-02 14:49:21
-49.7709,0.1057,2026-03-02 15:48:20
-4.9299,-123.7585,2026-03-02 16:56:15
31.3214,67.0039,2026-03-02 17:51:54
-45.6119,-32.4191,2026-03-02 18:57:06
49.8178,120.8116,2026-03-02 19:40:39
-13.0096,-15.7761,2026-03-02 20:42:44
-27.7618,-175.8579,2026-03-02 21:42:51
37.7461,4.5198,2026-03-02 22:33:15
-50.4722,-122.0818,2026-03-02 23:32:17
-48.7544,-160.5808,2026-03-03 02:39:45
49.1543,-62.9180,2026-03-03 04:51:02
-26.9763,41.6466,2026-03-03 07:00:11
35.4371,-140.4564,2026-03-03 07:49:56
-48.9200,104.2691,2026-03-03 08:51:23
17.0110,-39.6435,2026-03-03 09:51:18
16.1409,153.0127,2026-03-03 10:48:51
-22.0058,-33.8659,2026-03-03 11:37:15
-21.8136,-57.6524,2026-03-03 13:10:07
-41.4452,-57.2882,2026-03-03 14:50:37
43.8641,-167.0444,2026-03-03 15:52:41
3.6861,49.2707,2026-03-03 16:56:27
-27.3864,-123.2600,2026-03-03 17:50:54
-45.9061,-51.0701,2026-03-03 19:43:55
26.6595,146.4787,2026-03-03 20:38:30
14.4820,-13.6096,2026-03-03 21:38:51
-42.0758,-174.1756,2026-03-03 22:35:36
50.7867,49.5637,2026-03-03 23:32:26
49.0344,-34.0752,2026-03-04 02:32:04
-36.2838,81.8984,2026-03-04 04:44:50
42.4851,-16.6923,2026-03-04 05:49:47
14.3157,-155.4382,2026-03-04 06:56:24
-11.2283,10.4214,2026-03-04 07:41:45
51.5329,-101.2792,2026-03-04 08:48:30
-23.4321,128.7936,2026-03-04 09:49:38
4.2595,-47.9449,2026-03-04 10:42:31
16.3876,135.3435,2026-03-04 11:35:55
15.6239,111.1201,2026-03-04 13:08:35
13.9172,86.1707,2026-03-04 14:40:57
-48.6362,-6.9075,2026-03-04 15:50:19
3.7967,-142.0810,2026-03-04 16:54:25
3.7377,31.4428,2026-03-04 17:43:26
-44.5669,-41.9427,2026-03-04 18:58:41
47.6830,117.5268,2026-03-04 19:43:21
-23.1082,-36.2269,2026-03-04 20:40:18
-15.6944,161.3061,2026-03-04 21:39:40
44.5229,4.9629,2026-03-04 22:37:23
-47.6792,-121.4966,2026-03-04 23:35:40
-51.2910,154.6999,2026-03-05 02:35:07
43.8795,-90.9744,2026-03-05 04:48:47
-36.8692,166.6886,2026-03-05 05:52:45
-23.6263,26.3300,2026-03-05 07:00:00
33.6936,-154.8274,2026-03-05 07:50:15
-48.6742,93.1607,2026-03-05 08:52:34
16.5323,-51.3725,2026-03-05 09:52:28
13.7350,139.0174,2026-03-05 10:49:02
-22.1606,-45.8413,2026-03-05 11:38:18
-26.9871,-64.9222,2026-03-05 13:12:56
-43.1281,-66.0831,2026-03-05 14:52:25
40.9318,-173.3157,2026-03-05 15:55:05
-49.4259,-51.7903,2026-03-05 18:09:33
-21.7960,-29.2995,2026-03-05 19:54:46
17.0357,142.9093,2026-03-05 20:42:50
18.4459,-22.5438,2026-03-05 21:41:10
-44.7114,179.3759,2026-03-05 22:37:54
-0.7739,108.8378,2026-03-05 23:54:37
48.9293,-46.6283,2026-03-06 02:32:57
-36.8354,70.5719,2026-03-06 04:46:02
43.0852,-30.0241,2026-03-06 05:50:28
18.4878,-164.2058,2026-03-06 06:58:47
-19.6368,4.9657,2026-03-06 07:45:34
50.9338,-129.5678,2026-03-06 08:46:45
-31.3691,108.6211,2026-03-06 09:47:43
8.6716,-63.2379,2026-03-06 10:42:02
9.4681,117.9481,2026-03-06 11:34:33
11.6449,95.9523,2026-03-06 13:08:13
12.5092,72.9893,2026-03-06 14:41:26
-49.5248,-64.6709,2026-03-06 15:43:19
16.2363,-163.4597,2026-03-06 16:51:14
-11.1504,8.6416,2026-03-06 17:39:28
-50.8897,-78.5811,2026-03-06 18:54:54
51.1067,66.7541,2026-03-06 19:37:34
-31.5882,-56.9417,2026-03-06 20:38:10
1.5354,136.5763,2026-03-06 21:34:55
36.0958,-22.0733,2026-03-06 22:34:32
-51.3800,-154.7861,2026-03-06 23:32:47
-35.8704,98.5961,2026-03-07 02:26:42
-26.6747,-169.7811,2026-03-07 04:24:39
-50.2097,86.4585,2026-03-07 05:40:23
6.8975,-8.9535,2026-03-07 06:50:45
-19.2330,149.7327,2026-03-07 07:33:07
-35.2873,3.3440,2026-03-07 08:38:12
51.3555,-142.8077,2026-03-07 09:34:27
-43.1835,72.8781,2026-03-07 10:29:40
18.4388,-88.6366,2026-03-07 11:25:41
17.4632,-111.4531,2026-03-07 12:58:57
-18.8554,55.5848,2026-03-07 13:44:59
24.8648,-141.5273,2026-03-07 14:29:19
16.1206,57.9409,2026-03-07 15:29:34
45.1991,141.9842,2026-03-07 17:26:51
32.3250,26.0989,2026-03-07 18:41:11
-29.3329,-169.0575,2026-03-07 19:26:27
46.7389,90.5629,2026-03-07 20:31:48
-26.7028,-69.5781,2026-03-07 21:26:52
-20.2615,135.1027,2026-03-07 22:29:05
49.4377,-9.2222,2026-03-07 23:28:24
51.4042,-28.4445,2026-03-08 02:39:04
-37.6670,59.7005,2026-03-08 04:47:16
48.3657,-56.5511,2026-03-08 05:48:19
-3.8489,167.1833,2026-03-08 06:52:14
16.3728,-33.9567,2026-03-08 07:34:29
33.3062,174.7494,2026-03-08 08:37:55
-51.5255,34.2754,2026-03-08 09:35:21
41.3693,-109.5890,2026-03-08 10:30:58
-17.0807,86.4269,2026-03-08 11:26:36
-14.5416,64.8236,2026-03-08 13:00:24
-24.1815,33.0714,2026-03-08 14:30:00
-15.4245,-128.6265,2026-03-08 15:29:40
51.0761,123.0492,2026-03-08 16:36:07
-43.7599,-40.6664,2026-03-08 17:27:59
-33.1911,-158.8718,2026-03-08 18:41:51
32.5345,8.5074,2026-03-08 19:28:08
-44.3059,-89.1281,2026-03-08 20:33:34
20.8823,109.7637,2026-03-08 21:29:19
21.4363,-49.9381,2026-03-08 22:29:59
-50.3613,169.7803,2026-03-08 23:29:40
-50.7122,152.6883,2026-03-09 02:40:40
51.3832,-83.6258,2026-03-09 04:56:34
-12.4508,166.6632,2026-03-09 06:03:20
34.0803,-178.5108,2026-03-09 07:52:10
-50.0073,62.7668,2026-03-09 08:53:11
3.8145,-66.0443,2026-03-09 09:58:28
29.6610,129.0922,2026-03-09 10:56:21
-20.5841,-71.3867,2026-03-09 11:39:31
-31.5129,-84.2458,2026-03-09 13:16:22
-47.9000,-77.5907,2026-03-09 14:56:53
17.0953,-170.4560,2026-03-09 16:05:46
-18.7490,-167.3968,2026-03-09 17:50:37
45.4984,105.5407,2026-03-09 19:00:26
28.6739,108.1556,2026-03-09 20:40:30
3.2152,-58.1799,2026-03-09 21:37:48
-34.3829,137.5518,2026-03-09 22:35:03
51.5579,3.4474,2026-03-09 23:33:28
44.1072,-85.2462,2026-03-10 02:31:42
-31.8516,39.9976,2026-03-10 04:45:47
45.7689,-60.4719,2026-03-10 05:50:47
13.2400,167.4770,2026-03-10 06:58:43
-24.9526,-14.4464,2026-03-10 07:49:07
50.8718,-129.0804,2026-03-10 08:52:36
-22.7762,93.1363,2026-03-10 09:52:31
-7.0744,-76.1234,2026-03-10 10:48:55
12.1179,95.7787,2026-03-10 11:37:07
24.1847,82.1635,2026-03-10 13:14:10
44.3613,86.4186,2026-03-10 14:55:15
19.7414,7.3889,2026-03-10 17:51:25
-49.7559,-95.4084,2026-03-10 18:57:52
51.0689,63.8317,2026-03-10 19:42:47
-30.4057,-79.7422,2026-03-10 20:40:16
8.5899,107.3707,2026-03-10 21:34:15
31.0083,-52.5569,2026-03-10 22:34:12
-51.6112,174.5146,2026-03-10 23:33:20
-41.4818,83.3635,2026-03-11 02:30:45
34.8210,-142.3847,2026-03-11 04:47:23
-40.9515,123.9273,2026-03-11 05:53:33
-21.7026,-11.6280,2026-03-11 07:01:54
-51.4499,38.2423,2026-03-11 08:51:48
27.9544,-97.8503,2026-03-11 09:51:02
5.8945,96.9857,2026-03-11 10:48:58
-12.5066,-89.9353,2026-03-11 11:37:34
-21.4942,-106.2680,2026-03-11 13:13:32
-39.1354,-109.6116,2026-03-11 14:53:07
47.2626,135.6761,2026-03-11 15:54:17
1.9199,-0.3086,2026-03-11 16:59:21
-31.2747,-167.4179,2026-03-11 17:55:50
42.7181,99.8311,2026-03-11 19:02:37
33.4888,90.6249,2026-03-11 20:39:28
3.8951,-69.7472,2026-03-11 21:38:47
-24.0932,114.3853,2026-03-11 22:32:00
51.2744,-20.5638,2026-03-11 23:32:13
50.4081,-75.2472,2026-03-12 02:36:48
-43.5421,46.0468,2026-03-12 04:51:29
37.1170,-55.9197,2026-03-12 05:55:35
28.3966,168.7096,2026-03-12 07:04:42
51.3864,-146.7303,2026-03-12 08:52:23
-27.3522,76.7385,2026-03-12 09:51:38
-2.5906,-91.3826,2026-03-12 10:48:10
4.2135,77.9532,2026-03-12 11:35:13
21.3539,67.5721,2026-03-12 13:13:55
43.4747,72.3931,2026-03-12 14:55:32
-23.1286,-13.6842,2026-03-12 16:04:50
21.0059,-3.5730,2026-03-12 17:52:34
-46.1131,-94.1662,2026-03-12 19:01:10
-29.4983,-90.7948,2026-03-12 20:41:19
-2.0721,102.9494,2026-03-12 21:38:29
22.8838,-72.7554,2026-03-12 22:32:00
-51.5977,160.1741,2026-03-12 23:33:39
-47.3758,85.4687,2026-03-13 02:34:36
36.4753,-152.1776,2026-03-13 04:48:45
-42.0531,109.8371,2026-03-13 05:53:45
-20.5150,-24.6974,2026-03-13 07:02:12
-51.3285,12.4572,2026-03-13 08:50:11
39.4325,-124.5411,2026-03-13 09:47:15
-13.0042,71.3062,2026-03-13 10:43:23
-5.5559,-107.0881,2026-03-13 11:35:57
-13.6702,-124.6967,2026-03-13 13:11:34
-28.1701,-135.5936,2026-03-13 14:49:31
51.6109,94.6007,2026-03-13 15:49:48
-30.5410,-38.9143,2026-03-13 16:48:57
19.8988,139.5217,2026-03-13 17:39:11
49.2956,24.8047,2026-03-13 18:51:45
-43.3043,175.1891,2026-03-13 19:34:29
30.0796,82.5620,2026-03-13 20:41:25
3.3750,-82.1489,2026-03-13 21:39:17
-25.0386,103.2404,2026-03-13 22:33:01
51.5895,-26.2903,2026-03-13 23:33:57
43.5578,-110.5433,2026-03-14 02:32:50
-30.2377,14.0896,2026-03-14 04:46:35
47.9231,-91.0844,2026-03-14 05:50:51
1.9380,135.1497,2026-03-14 06:56:21
6.4439,-62.6148,2026-03-14 07:40:01
38.3894,145.6024,2026-03-14 08:42:10
-51.5111,7.1447,2026-03-14 09:39:04
37.0580,-138.7027,2026-03-14 10:35:02
-15.7145,51.3839,2026-03-14 11:29:15
-9.5104,32.4945,2026-03-14 13:04:15
-15.1316,4.6162,2026-03-14 14:35:18
-21.7226,-159.5347,2026-03-14 15:34:00
50.9341,88.2444,2026-03-14 16:38:31
-38.9118,-67.7747,2026-03-14 17:32:23
-43.0015,-179.6483,2026-03-14 18:48:11
36.4065,-22.6139,2026-03-14 19:31:48
-46.2996,-130.4198,2026-03-14 20:35:01
20.2930,74.0431,2026-03-14 21:32:05
19.6659,-87.6859,2026-03-14 22:31:56
-51.3224,141.9200,2026-03-14 23:33:42
-31.0138,160.9380,2026-03-15 02:53:34
38.0327,-63.6369,2026-03-15 05:10:13
-27.0067,-30.8619,2026-03-15 07:05:39
-41.9195,-34.4672,2026-03-15 08:44:33
51.4650,-178.0437,2026-03-15 09:40:09
-36.1442,36.4392,2026-03-15 10:36:18
12.4658,-132.2514,2026-03-15 11:31:14
10.4851,-154.3822,2026-03-15 13:04:50
16.5074,177.3646,2026-03-15 14:35:46
18.4273,11.4743,2026-03-15 15:33:54
-51.4119,-103.3833,2026-03-15 16:38:32
37.9506,107.5390,2026-03-15 17:33:49
42.1853,-7.4881,2026-03-15 18:48:52
-37.0072,152.0704,2026-03-15 19:33:01
45.5849,45.4222,2026-03-15 20:36:05
-18.5510,-110.5884,2026-03-15 21:33:20
-23.2281,89.3544,2026-03-15 22:33:45
51.2980,-44.5059,2026-03-15 23:34:19
30.0160,-24.0389,2026-03-16 02:54:34
-7.0935,140.1008,2026-03-16 05:21:54
45.9656,-120.9207,2026-03-16 07:26:29
36.4819,-126.5022,2026-03-16 09:03:51
-27.6197,-95.3797,2026-03-16 10:58:52
46.2354,102.0906,2026-03-16 11:53:21
45.2460,75.8478,2026-03-16 13:25:44
51.4868,92.7750,2026-03-16 15:06:01
-20.0352,163.1284,2026-03-16 17:07:58
-24.2276,-86.2133,2026-03-16 19:12:34
-24.6401,-110.2172,2026-03-16 20:45:22
-17.3077,90.0101,2026-03-16 21:45:52
37.1299,-81.0893,2026-03-16 22:39:38
-51.6133,137.6199,2026-03-16 23:36:17
-47.1699,60.4945,2026-03-17 02:36:50
47.3060,-154.5126,2026-03-17 04:56:23
-21.2766,111.1139,2026-03-17 06:04:12
34.2223,133.2476,2026-03-17 07:56:07
-43.8684,34.5197,2026-03-17 09:01:09
16.5492,68.6325,2026-03-17 10:55:39
-31.8374,-108.6904,2026-03-17 11:47:30
-40.6490,-119.8296,2026-03-17 13:24:02
-50.0781,-116.5244,2026-03-17 15:02:37
20.7182,-22.3780,2026-03-17 17:08:50
31.2638,80.4964,2026-03-17 19:10:36
20.1708,67.7031,2026-03-17 20:47:30
8.9022,-102.5256,2026-03-17 21:43:41
-34.6120,89.3936,2026-03-17 22:39:09
51.5070,-43.6235,2026-03-17 23:37:42
51.5948,-93.6360,2026-03-18 02:43:08
-51.4127,42.3319,2026-03-18 05:01:04
31.1453,135.2804,2026-03-18 07:09:02
36.0077,70.4955,2026-03-18 11:49:45
42.3611,57.2788,2026-03-18 13:25:27
50.2625,92.3100,2026-03-18 15:09:12
-17.6578,148.9947,2026-03-18 17:08:20
-35.3826,-110.6641,2026-03-18 19:09:35
-30.9357,-128.8264,2026-03-18 20:44:15
3.0189,62.8848,2026-03-18 21:40:17
27.6365,-104.6661,2026-03-18 22:37:09
-50.6231,110.9771,2026-03-18 23:34:59
-51.2925,86.5929,2026-03-19 02:44:44
48.9923,-160.4832,2026-03-19 04:58:43
-22.1768,98.1741,2026-03-19 06:05:02
16.3208,103.5382,2026-03-19 07:50:51
-49.8357,-35.5358,2026-03-19 08:51:46
34.4673,-153.8275,2026-03-19 09:52:53
-4.9170,40.7740,2026-03-19 10:49:41
-6.2718,-143.0610,2026-03-19 11:39:48
-23.0065,-153.4529,2026-03-19 13:18:23
46.1635,90.4111,2026-03-19 15:59:17
18.0114,-36.7998,2026-03-19 17:09:03
44.7001,46.9407,2026-03-19 19:05:59
27.4741,48.8008,2026-03-19 20:46:04
-2.6775,-122.9509,2026-03-19 21:40:59
-18.5697,61.0104,2026-03-19 22:34:29
50.3344,-77.0476,2026-03-19 23:35:14
40.8389,-152.3988,2026-03-20 02:35:17
-33.1428,-19.0715,2026-03-20 04:51:28
45.3785,-120.0545,2026-03-20 05:56:11
20.7141,112.9158,2026-03-20 07:06:26
47.4240,128.6035,2026-03-20 08:50:30
-40.8177,10.5482,2026-03-20 09:50:46
20.4856,-157.2674,2026-03-20 10:44:59
-6.8994,21.4719,2026-03-20 11:36:02
1.8820,4.1106,2026-03-20 13:11:53
17.2675,-8.0461,2026-03-20 14:49:56
-49.1486,-151.1873,2026-03-20 15:49:56
32.8367,95.8622,2026-03-20 16:52:17
-32.8348,-95.9443,2026-03-20 17:38:45
-51.0120,172.8535,2026-03-20 18:57:49
46.7739,-38.7403,2026-03-20 19:40:39
-45.4152,-164.5081,2026-03-20 20:39:03
19.4027,38.3309,2026-03-20 21:35:55
17.7262,-125.7596,2026-03-20 22:34:47
-48.8760,89.5600,2026-03-20 23:34:24
-25.4522,2.0087,2026-03-21 02:29:46
1.8832,127.9407,2026-03-21 04:41:15
-49.1900,-3.5578,2026-03-21 05:46:24
19.4422,-103.4037,2026-03-21 06:53:32
-28.9634,55.8729,2026-03-21 07:36:38
-21.5994,-95.9868,2026-03-21 08:40:10
47.7811,111.9211,2026-03-21 09:37:44
-48.6063,-27.0509,2026-03-21 10:33:28
31.0137,174.5886,2026-03-21 11:28:13
30.4179,151.6390,2026-03-21 13:01:23
34.9105,122.6126,2026-03-21 14:32:36
1.1563,-37.8938,2026-03-21 15:31:34
-49.1425,-169.0868,2026-03-21 16:36:56
50.2237,38.9238,2026-03-21 17:30:17
20.8642,-70.1460,2026-03-21 18:44:02
-18.9976,96.4715,2026-03-21 19:29:50
51.5230,-21.0107,2026-03-21 20:33:58
-35.9414,-165.0446,2026-03-21 21:30:24
-5.3655,38.8387,2026-03-21 22:31:08
41.5315,-116.0276,2026-03-21 23:30:47
51.5956,-117.8964,2026-03-22 02:45:19
-43.4189,-14.9063,2026-03-22 04:56:55
41.3409,-123.4825,2026-03-22 05:59:15
7.7833,90.6852,2026-03-22 07:03:07
23.1579,79.3370,2026-03-22 08:41:15
-48.9704,-69.6096,2026-03-22 09:39:05
48.8009,146.1063,2026-03-22 10:33:51
-30.5755,-10.9751,2026-03-22 11:28:53
-24.5679,-28.4706,2026-03-22 13:04:00
-34.0006,-62.2686,2026-03-22 14:33:27
-1.2855,136.1516,2026-03-22 15:32:05
49.1835,5.0328,2026-03-22 16:37:29
-24.3094,106.9000,2026-03-22 18:45:41
22.5000,-86.5686,2026-03-22 19:31:34
-51.3765,155.6523,2026-03-22 20:34:53
33.8525,11.6456,2026-03-22 21:31:43
5.4318,-147.1738,2026-03-22 22:31:41
-46.5928,69.5811,2026-03-22 23:33:51
-51.6094,55.0618,2026-03-23 02:45:36
50.0936,-143.4874,2026-03-23 05:07:55
-47.8346,-44.5666,2026-03-23 07:19:19
-44.4226,-3.1272,2026-03-23 09:04:04
12.1293,28.8148,2026-03-23 10:57:22
-30.2779,-146.8442,2026-03-23 11:50:07
-22.3614,-178.2682,2026-03-23 13:20:13
-43.4834,-174.3217,2026-03-23 15:01:30
-17.1478,-87.1282,2026-03-23 16:59:22
-19.0147,108.0007,2026-03-23 17:57:51
45.4638,20.8220,2026-03-23 19:07:35
41.4828,5.8578,2026-03-23 20:42:30
-4.9966,-148.8263,2026-03-23 21:42:13
-23.1809,40.7778,2026-03-23 22:38:05
51.2443,-93.7214,2026-03-23 23:38:32
40.3818,-177.4204,2026-03-24 02:37:03
-44.6611,-24.1942,2026-03-24 04:58:29
23.8196,-113.5912,2026-03-24 06:06:58
-27.2496,-97.0333,2026-03-24 07:57:07
48.1249,160.2327,2026-03-24 09:02:19
-7.8986,-160.3507,2026-03-24 10:56:21
28.3823,25.0791,2026-03-24 11:49:53
32.2214,5.7115,2026-03-24 13:24:14
47.7000,10.8485,2026-03-24 15:04:21
0.1786,99.4139,2026-03-24 17:05:25
-37.1674,-149.4888,2026-03-24 19:11:52
-24.7360,-158.7900,2026-03-24 20:49:29
5.7490,24.6020,2026-03-24 21:42:22
20.6538,-147.4993,2026-03-24 22:37:39
-50.3238,72.6371,2026-03-24 23:37:36
-49.1146,19.1550,2026-03-25 02:42:20
45.4553,151.7277,2026-03-25 04:59:21
-19.4090,64.2459,2026-03-25 06:08:55
24.2040,73.9814,2026-03-25 07:56:29
-50.1359,-34.8418,2026-03-25 09:01:02
-0.6840,7.4747,2026-03-25 10:53:58
-14.5457,-173.2060,2026-03-25 11:45:27
-29.1345,176.2276,2026-03-25 13:23:28
-48.5264,-172.1886,2026-03-25 15:05:19
51.5080,-21.2205,2026-03-25 19:02:52
33.2421,6.0942,2026-03-25 20:46:47
6.3404,-152.8284,2026-03-25 21:46:48
-32.6464,38.4990,2026-03-25 22:42:22
51.5972,-98.8015,2026-03-25 23:40:33
50.3511,-127.7281,2026-03-26 02:49:31
-47.7551,28.5024,2026-03-26 05:11:03
42.2324,103.0731,2026-03-26 07:17:31
47.0704,151.6865,2026-03-26 09:03:50
-9.9690,-170.9006,2026-03-26 10:57:52
39.9208,28.0318,2026-03-26 11:55:15
51.4289,33.3122,2026-03-26 15:11:13
-9.8357,94.5425,2026-03-26 17:09:32
-29.8988,-152.4589,2026-03-26 19:15:31
-47.3852,153.5833,2026-03-26 20:40:35
25.5366,-3.4234,2026-03-26 21:36:28
14.8087,-164.3429,2026-03-26 22:36:29
-49.4485,55.8410,2026-03-26 23:37:34
-48.3918,55.6086,2026-03-27 02:51:36
46.5142,-153.6397,2026-03-27 05:12:14
-39.3954,-88.0158,2026-03-27 07:16:36
-51.3117,-56.5020,2026-03-27 09:00:10
19.1641,173.3551,2026-03-27 10:02:07
-11.5784,172.4665,2026-03-27 11:45:15
-13.1640,150.0544,2026-03-27 13:18:42
-26.0782,137.4455,2026-03-27 14:56:05
51.1430,19.2161,2026-03-27 15:58:41
-8.5862,-104.7061,2026-03-27 17:03:51
51.6027,-39.6660,2026-03-27 19:02:35
-13.6800,-179.3642,2026-03-27 21:40:56
-21.2646,14.9481,2026-03-27 22:39:01
49.9952,-127.3921,2026-03-27 23:38:28
45.6670,169.6157,2026-03-28 02:41:15
-40.2045,-57.2610,2026-03-28 04:57:55
37.4590,-153.3071,2026-03-28 06:03:25
5.3396,-146.6856,2026-03-28 07:47:43
37.7622,59.7843,2026-03-28 08:49:13
-50.4122,-98.3790,2026-03-28 09:42:54
45.6910,119.9602,2026-03-28 10:38:19
-25.9904,-42.4143,2026-03-28 11:33:01
-23.7516,-63.9121,2026-03-28 13:06:44
-30.5974,-94.4298,2026-03-28 14:37:11
-6.9817,104.0255,2026-03-28 15:36:24
50.4261,-24.5568,2026-03-28 16:41:06
-47.9682,-173.1979,2026-03-28 17:35:04
-31.3474,77.9407,2026-03-28 18:50:40
23.6571,-121.7107,2026-03-28 19:34:23
-51.0082,123.6983,2026-03-28 20:38:02
30.5810,-20.6737,2026-03-28 21:35:21
7.8517,178.3890,2026-03-28 22:34:52
-47.8503,37.3811,2026-03-28 23:37:03
-42.3111,59.6724,2026-03-29 02:55:45
36.6095,-146.2875,2026-03-29 05:17:38
-25.2114,-117.3551,2026-03-29 07:11:50
-37.7293,-126.2744,2026-03-29 08:49:31
51.2240,82.4099,2026-03-29 09:44:26
-43.0275,-59.8445,2026-03-29 10:40:02
22.1187,135.1633,2026-03-29 11:34:42
21.6011,112.0059,2026-03-29 13:07:49
28.4445,81.8769,2026-03-29 14:38:19
9.6744,-80.0259,2026-03-29 15:37:38
-50.4137,149.3544,2026-03-29 16:41:24
45.7976,7.4017,2026-03-29 17:36:45
34.6464,-104.0610,2026-03-29 18:52:17
-28.2176,56.7180,2026-03-29 19:36:18
50.1619,-56.1960,2026-03-29 20:39:26
-23.8055,160.1486,2026-03-29 21:38:07
-13.9915,-3.0257,2026-03-29 22:37:13
49.4490,-142.2163,2026-03-29 23:38:37
-19.6724,-69.2885,2026-03-30 03:17:54
42.6417,-174.2260,2026-03-30 06:01:46
-39.3203,-23.6401,2026-03-30 08:22:40
34.1533,19.1698,2026-03-30 10:21:19
38.7532,2.0568,2026-03-30 11:56:07
29.9043,86.1207,2026-03-30 13:51:37
50.7717,-10.4940,2026-03-30 15:09:15
14.5478,52.7706,2026-03-30 17:02:50
-49.6764,144.0496,2026-03-30 19:07:17
-20.7720,168.6500,2026-03-30 20:53:01
-8.5397,-1.3156,2026-03-30 21:49:14
28.0144,-176.7297,2026-03-30 22:42:24
-51.0919,42.4603,2026-03-30 23:40:47
-50.4510,21.5441,2026-03-31 02:51:06
44.0230,-171.3658,2026-03-31 05:14:55
-50.3193,-81.5810,2026-03-31 07:24:21
-42.7373,-47.6491,2026-03-31 09:07:51
9.2429,-21.5152,2026-03-31 10:59:19
-38.9998,176.4519,2026-03-31 11:56:30
-23.5999,-93.6059,2026-03-31 13:54:11
-49.1537,154.3030,2026-03-31 15:07:52
-11.0919,-130.6008,2026-03-31 17:04:17
46.9657,-31.5504,2026-03-31 19:09:33
29.9282,-26.1671,2026-03-31 20:50:02
-2.8298,164.5563,2026-03-31 21:45:47
-17.9557,-11.8820,2026-03-31 22:39:08
50.3139,-149.5504,2026-03-31 23:40:02
-27.1800,-74.4115,2026-04-01 03:21:07
49.3284,154.4269,2026-04-01 05:58:19
10.6861,-174.6160,2026-04-01 07:47:09
29.6490,145.2335,2026-04-01 09:13:30
-20.2836,161.1622,2026-04-01 11:03:18
40.6263,59.5007,2026-04-01 13:47:52
51.3564,-16.5260,2026-04-01 15:10:49
18.4596,37.6357,2026-04-01 17:02:03
-44.8934,148.0816,2026-04-01 19:11:01
-24.3415,153.4528,2026-04-01 20:52:20
-8.2609,-13.5177,2026-04-01 21:49:41
33.7832,177.8023,2026-04-01 22:45:06
-50.7828,27.7350,2026-04-01 23:40:52
-51.1337,-16.3217,2026-04-02 02:47:14
51.5806,135.7482,2026-04-02 05:07:54
-45.0336,-112.8559,2026-04-02 07:21:08
-47.9850,-73.4090,2026-04-02 09:05:26
2.1388,-38.6233,2026-04-02 10:57:29
-26.5897,149.1354,2026-04-02 11:52:13
-31.0413,130.2229,2026-04-02 13:26:46
-35.6902,112.3633,2026-04-02 15:01:29
-21.4989,-150.9428,2026-04-02 17:01:16
51.4308,-80.3791,2026-04-02 19:03:33
50.2382,-80.6562,2026-04-02 20:40:26
-11.1830,146.5030,2026-04-02 21:43:31
-11.3138,-29.0592,2026-04-02 22:37:24
49.7312,-164.8151,2026-04-02 23:39:57
51.5031,172.7082,2026-04-03 02:50:00
-51.2167,-38.3486,2026-04-03 05:10:07
36.4239,45.4460,2026-04-03 07:17:26
51.5742,76.2810,2026-04-03 09:01:21
22.4208,116.7049,2026-04-03 10:49:29
-8.2787,-63.8603,2026-04-03 11:40:44
-3.5921,-84.0972,2026-04-03 13:15:12
3.3896,-102.7532,2026-04-03 14:50:25
-20.6734,78.6767,2026-04-03 15:42:39
49.2832,-22.6401,2026-04-03 16:49:15
-44.5449,160.5459,2026-04-03 17:38:45
-38.8212,51.9331,2026-04-03 18:55:18
38.1055,-140.9883,2026-04-03 19:41:27
-48.1164,103.0393,2026-04-03 20:42:27
22.1852,-48.3690,2026-04-03 21:39:59
16.5891,149.0316,2026-04-03 22:39:24
-49.1627,6.5023,2026-04-03 23:39:39
-40.2268,-63.8080,2026-04-04 02:40:29
28.9055,65.7772,2026-04-04 04:55:23
-45.8183,-31.5417,2026-04-04 06:01:23
-2.4213,-6.6073,2026-04-04 07:50:36
-35.1201,-165.9265,2026-04-04 08:50:01
51.0115,44.2429,2026-04-04 09:45:37
-46.6978,-104.8457,2026-04-04 10:39:37
29.3871,92.1285,2026-04-04 11:33:40
26.7427,71.2429,2026-04-04 13:07:32
33.0111,40.7713,2026-04-04 14:38:08
4.1327,-120.0125,2026-04-04 15:37:20
-49.4630,108.1505,2026-04-04 16:41:59
48.2098,-36.0591,2026-04-04 17:36:44
29.3238,-146.2827,2026-04-04 18:51:46
-21.5219,14.4009,2026-04-04 19:35:26
51.4981,-104.7064,2026-04-04 20:38:46
-31.5950,116.1938,2026-04-04 21:36:48
-5.6678,-45.1622,2026-04-04 22:35:56
45.0193,167.2107,2026-04-04 23:37:11
-9.7175,-113.0502,2026-04-05 03:16:01
40.0302,62.6504,2026-04-05 05:46:25
28.6962,24.1599,2026-04-05 07:14:52
39.4369,14.4374,2026-04-05 08:52:00
-50.9014,-142.7242,2026-04-05 09:45:38
45.6015,72.2198,2026-04-05 10:40:26
-25.2845,-89.7083,2026-04-05 11:35:20
-21.7020,-110.0418,2026-04-05 13:09:31
-29.9463,-141.6817,2026-04-05 14:39:29
-5.9373,55.3057,2026-04-05 15:38:05
49.2903,-78.6324,2026-04-05 16:42:01
-47.6257,140.0081,2026-04-05 17:37:20
-33.2993,32.2955,2026-04-05 18:53:26
27.5564,-165.9080,2026-04-05 19:37:46
-51.0408,75.4144,2026-04-05 20:39:59
28.3317,-66.2109,2026-04-05 21:38:11
10.1156,132.0985,2026-04-05 22:37:36
-48.7257,-7.3018,2026-04-05 23:39:41
17.8117,67.2295,2026-04-06 03:18:56
-46.9133,-46.6114,2026-04-06 06:01:06
40.5570,112.3426,2026-04-06 08:23:43
-8.5181,133.8420,2026-04-06 10:13:55
-22.2708,121.1659,2026-04-06 11:51:29
-15.7782,92.1234,2026-04-06 13:22:10
-14.3624,67.4020,2026-04-06 14:54:36
47.3125,-80.2753,2026-04-06 15:54:17
-36.6248,168.6597,2026-04-06 16:56:26
5.3497,5.8794,2026-04-06 17:53:54
48.9841,-74.6762,2026-04-06 19:09:25
48.6732,-97.0063,2026-04-06 20:42:34
